키워드,언론사,기사명,날짜,URL
중앙일보,"박영선 ""내가 이재명 혼냈다던데…거친 돌이 호박돌 됐더라""[정치언박싱]",A12면 1단,https://www.joongang.co.kr/article/25004628,박영선 백신
매일경제,"박영선, 내달 초 미국 싱크탱크行…""디지털경제 선도국 전략 연구""",2021.08.30.,http://news.mk.co.kr/newsRead.php?no=835663&year=2021,박영선 백신
중앙일보,"""백신은 어디 있습니까"" 100개 대학에 붙은 공개수배문 정체",2021.08.23.,https://www.joongang.co.kr/article/25000525,박영선 백신
시사포커스,"신전대협, 백신 공급 차질 논란 대자보 부착",2021.08.24.,http://www.sisafocus.co.kr/news/articleView.html?idxno=264852,박영선 백신
중소기업신문,"박영선,""모더나 백신 협상 성사 가교 역할""",2021.05.24.,http://www.smedaily.co.kr/news/articleView.html?idxno=204184,박영선 백신
MBN,"박영선, '모더나 백신 협상' 난항 때 물꼬 터",2021.05.23.,http://mbn.mk.co.kr/pages/news/newsView.php?category=mbn00006&news_seq_no=4509013,박영선 백신
데일리안,"[4·7 재보선] 野 ""박영선, 토론서 백신부터 재건축·성장률까지 숱한 거짓말...",2021.03.31.,https://www.dailian.co.kr/news/view/977565/?sc=Naver,박영선 백신
중앙일보,"박영선 ""세계4위"" 오세훈 ""100위권""…백신접종률 누구 말 맞나",2021.03.31.,https://news.joins.com/article/olink/23619516,박영선 백신
한국경제,"박영선 ""고3에 화이자 백신"" vs 김미애 ""질병청과 논의했나""",2021.03.26.,https://www.hankyung.com/politics/article/2021032658037,박영선 백신
쿠키뉴스,‘백신’ 꺼낸 박영선… “고3 수험생이 우선 접종해야”,2021.03.25.,http://www.kukinews.com/newsView/kuk202103250216,박영선 백신
한국경제,"박영선 ""高3 화이자백신 우선접종 건의""",A6면 1단,https://www.hankyung.com/politics/article/2021032533181,박영선 백신
이데일리,"박영선 ""한국 100명당 백신 접종 속도, 세계 4위""",2021.03.27.,http://www.edaily.co.kr/news/newspath.asp?newsid=01128326628987584,박영선 백신
한국경제,"등굣길 나타난 박영선…""교사들 백신 우선접종, 정은경에 직접 건의"" [현장+]",2021.03.09.,https://www.hankyung.com/politics/article/2021030961457,박영선 백신
베타뉴스,"박영선, 코로나19 백신 접종 국립중앙의료원 방문",2021.03.02.,http://www.betanews.net:8080/article/1256325.html,박영선 백신
JTBC,"박영선, 백신 점검 행보…김진애 ""공정한 단일화 원해""",2021.03.02.,https://news.jtbc.joins.com/article/article.aspx?news_id=NB11994579,박영선 백신
연합뉴스TV,"與 경선투표 첫날…박영선·우상호, 백신접종 '신경전'",2021.02.26.,http://www.yonhapnewstv.co.kr/MYH20210226020800641/?did=1825m,박영선 백신
아시아경제,"백신접종 첫 날…우상호 ""폐 끼칠까 마음만"" vs 박영선 ""부족한 것 살펴야""",2021.02.26.,https://view.asiae.co.kr/article/2021022614055923529,박영선 백신
쿠키뉴스,박영선도 코로나백신 교사 우선접종 주장,2021.03.09.,http://www.kukinews.com/newsView/kuk202103090157,박영선 백신
채널A,"[여랑야랑]박영선, 백신 주사기 홍보대사? / 국민의힘, 웰빙정당의 실체?",2021.02.21.,http://www.ichannela.com/news/main/news_detailPage.do?publishId=000000239488,박영선 백신
이데일리,"‘경선 승리’ 박영선, 첫 행보는 백신 접종 현장",2021.03.02.,http://www.edaily.co.kr/news/newspath.asp?newsid=01420246628979384,박영선 백신
이데일리,"日이 요청한 K-주사기, 정부 코로나 백신 협상도 도왔다…박영선 ""기적""",2021.02.20.,http://www.edaily.co.kr/news/newspath.asp?newsid=01279206628952488,박영선 백신
데일리안,"박영선, 코로나19 백신 점검…우상호, 청년 주거·일자리 정책 발표",2021.02.18.,https://www.dailian.co.kr/news/view/965425/?sc=Naver,박영선 백신
뉴데일리,"'백신 주사기' 홍보하는 박영선, ""선거 패배하면 文 흔들린다""는 우상호",2021.02.21.,http://www.newdaily.co.kr/site/data/html/2021/02/21/2021022100080.html,박영선 백신
팩트경제신문,"박영선, 코로나19 백신 접종 현장 찾아 ""K방역 신화 완성""",2021.02.18.,http://www.womaneconomy.kr/news/articleView.html?idxno=99422,박영선 백신
뉴시스,"박영선 ""코로나19 백신, 교사들에 우선 접종해야""",2021.03.09.,http://www.newsis.com/view/?id=NISX20210309_0001363865&cID=10301&pID=10300,박영선 백신
세계일보,"허은아, 박영선 겨냥 “아직 백신조차 없는데… 다 된 주사기에 숟가락 얹기 ...",2021.02.22.,http://www.segye.com/content/html/2021/02/22/20210222504865.html?OutUrl=naver,박영선 백신
MBN,"[백운기의 뉴스와이드] 문 대통령 백신 접종에 野 비판? / 박영선 vs 오세훈,...",2021.03.24.,http://www.mbn.co.kr/pages/news/newsView.php?news_seq_no=4458425,박영선 백신
아시아투데이,박영선 '방역·백신' vs 우상호 '서민 희망' 2차 토론회 맞불,2021.02.17.,https://www.asiatoday.co.kr/view.php?key=20210217010010358,박영선 백신
뉴스1,"박영선, 백신 접종 의료인 격려…""K방역 신화 주역, 수고 많으셨다""",2021.03.02.,https://www.news1.kr/articles/?4227423,박영선 백신
MBC,"박영선 ""코로나 19 백신, 교사 접종 우선 실시돼야""",2021.03.09.,https://imnews.imbc.com/news/2021/politics/article/6113423_34866.html,박영선 백신
이데일리,박영선 '백신 점검'·우상호 '청년 공약 발표',2021.02.18.,http://www.edaily.co.kr/news/newspath.asp?newsid=01384166628951832,박영선 백신
천지일보,[천지포토] 백신 접종 후기 듣는 박영선,2021.03.02.,http://www.newscj.com/news/articleView.html?idxno=833891,박영선 백신
아주경제,"'백신용 韓주사기' 치켜세운 박영선 ""차별금지법 시대 변했다""",2021.02.14.,http://www.ajunews.com/view/20210214200635142,박영선 백신
머니투데이,"FDA 승인받은 K-주사기…박영선 ""韓 백신 협상지위 높였다""",2021.02.17.,http://news.mt.co.kr/mtview.php?no=2021021710587669823,박영선 백신
머니투데이,"박영선 ""'백신 주사기' 칭찬을…"" 우상호 ""잘하셨다""",2021.02.17.,http://news.mt.co.kr/mtview.php?no=2021021716327633531,박영선 백신
매일경제,"박영선 ""백신접종 드라이브스루로""...우상호 ""1~2개월내 확진자 급감""",2021.02.17.,http://news.mk.co.kr/newsRead.php?no=159043&year=2021,박영선 백신
SK브로드밴드,"[B tv 서울뉴스]박영선, 백신 접종 현장서 '드라이브 스루' 확대 약속",2021.02.19.,http://ch1.skbroadband.com/content/view?parent_no=24&content_no=54&p_no=117235,박영선 백신
SBS Biz,[핫이슈 키워드] 바이든 시대 개막·백악관 떠난 트럼프·노바백스 백신·강경...,2021.01.21.,https://biz.sbs.co.kr/article_hub/20000001187?division=NAVER,박영선 백신
노컷뉴스,"박영선, 코로나19 백신 접종 국립중앙의료원 방문",2021.03.02.,https://www.nocutnews.co.kr/news/5508616,박영선 백신
데일리안,<포토> 백신 접종 병원 관계자 만난 박영선,2021.03.02.,https://www.dailian.co.kr/news/view/968660/?sc=Naver,박영선 백신
문화일보,"박영선, 백신접종 점검 vs 우상호, 청년공약 발표",8면 1단,http://www.munhwa.com/news/view.html?no=2021021801070809317001,박영선 백신
이데일리,"박영선 장관 “코로나19 백신 주사기, 2월 말 양산”",2021.01.12.,http://www.edaily.co.kr/news/newspath.asp?newsid=03719526628917064,박영선 백신
민중의소리,코로나 백신 접종 현장 둘러보는 박영선[포토],2021.02.26.,https://www.vop.co.kr/A00001551197.html,박영선 백신
뉴시스,백신접종 현장 설명 듣는 박영선 예비후보,2021.02.26.,http://www.newsis.com/view/?id=NISI20210226_0017197492,박영선 백신
민중의소리,코로나19 백신 접종 현장 격려하는 박영선[포토],2021.02.26.,https://www.vop.co.kr/A00001551199.html,박영선 백신
더팩트,"박영선, '코로나19 백신 접종 보건소 방문' [TF사진관]",2021.02.26.,http://news.tf.co.kr/read/photomovie/1845320.htm,박영선 백신
뉴시스,백신 접종 현장 방문한 박영선 예비후보,2021.02.26.,http://www.newsis.com/view/?id=NISI20210226_0017197493,박영선 백신
더팩트,코로나19 백신 접종 현장 찾은 박영선 [포토],2021.02.26.,http://news.tf.co.kr/read/photomovie/1845318.htm,박영선 백신
뉴스핌,백신 접종 의료진 격려하는 박영선 서울시장 예비후보,2021.02.26.,http://www.newspim.com/news/view/20210226000215,박영선 백신
뉴시스,코로나19 백신 주사기 설명하는 박영선 장관,2021.01.19.,http://www.newsis.com/view/?id=NISI20210119_0017073402,박영선 백신
뉴시스,모의훈련용 백신 살펴보는 박영선 예비후보,2021.02.18.,http://www.newsis.com/view/?id=NISI20210218_0017172286,박영선 백신
뉴스1,백신 냉동보관실 살펴보는 박영선,2021.02.18.,https://www.news1.kr/photos/view/?4627219,박영선 백신
노컷뉴스,코로나19 백신접종 준비상항 살펴보는 박영선,2021.02.18.,https://www.nocutnews.co.kr/news/5502341,박영선 백신
데일리안,"<포토> 박영선, 코로나19 백신 중앙예방접종센터 방문",2021.02.18.,https://www.dailian.co.kr/news/view/965504/?sc=Naver,박영선 백신
매일일보,"'중기부 마지막 일정' 박영선, 모더나 CEO와 백신공장 설립 논의",2021.01.20.,http://www.m-i.kr/news/articleView.html?idxno=787936,박영선 백신
서울신문,풍림파마텍 코로나 백신 주사기 공개…박영선 “민관협력 성공모델”,2021.01.19.,https://www.seoul.co.kr/news/newsView.php?id=20210119500056&wlog_tag3=naver,박영선 백신
JTBC,[재·보선 토론] 박영선 vs 오세훈 '막판 쟁점'…양당 선대위 대변인,2021.04.05.,https://news.jtbc.joins.com/article/article.aspx?news_id=NB11999110,박영선 백신
서울경제,박영선 장관 “코로나19 백신 주사기 준비 중”,2021.01.01.,https://www.sedaily.com/NewsView/22H35JM16J,박영선 백신
한국경제,"박영선 캠프 보직 반납한 박주민…""의원직 사퇴라도 한 줄"" [여의도 브리핑]",2021.04.02.,https://www.hankyung.com/politics/article/2021040204067,박영선 백신
YTN,"[황출새]윤건영""박영선-오세훈 오늘 첫 TV토론, 우린 평소 실력으로..""",2021.03.29.,https://www.ytn.co.kr/_ln/0101_202103290831258385,박영선 백신
뉴스핌,백신 접종 과정 지켜보는 박영선 서울시장 경선후보,2021.02.18.,http://www.newspim.com/news/view/20210218000930,박영선 백신
브릿지경제,"재보궐선거 13일간의 열전 돌입… 박영선 VS 오세훈, 김영춘 VS 박형준, 본격...",2021.03.25.,http://www.viva100.com/main/view.php?key=20210325010007308,박영선 백신
조선비즈,"박영선, K-주사기 개발 자신이 다한 듯 자랑…野 ""삼성에 숟가락 얹기 그만해...",2021.03.04.,https://biz.chosun.com/site/data/html_dir/2021/03/03/2021030302688.html?utm_source=naver&utm_medium=original&utm_campaign=biz,박영선 백신
한국경제,"허은아 ""박영선, 도쿄 부동산은?…주사기 日 수출만 운운""",2021.02.21.,https://www.hankyung.com/politics/article/2021022122387,박영선 백신
뉴스1,"박영선 ""검증된 행정력과 추진력…일잘하는 시장이 강한 서울 만들 것""",2021.03.01.,https://www.news1.kr/articles/?4226695,박영선 백신
MBC,박영선 본격 정책 행보…범여권 후보 단일화 '출렁',2021.03.03.,https://imnews.imbc.com/replay/2021/nwtoday/article/6106923_34943.html,박영선 백신
이투데이,이낙연-박영선 ‘화기애애’…李 “3수생이라 준비돼”·朴 “종로 사무실 얻...,2021.02.18.,https://www.etoday.co.kr/news/view/1996358,박영선 백신
인천뉴스,"여당 서울시장 후보 박영선, 수락연설 뭘 담았나",2021.03.02.,http://www.incheonnews.com/news/articleView.html?idxno=400938,박영선 백신
뉴시스,박영선·우상호 與 경선 레이스 막바지…굳히기냐 뒤집기냐,2021.02.21.,http://www.newsis.com/view/?id=NISX20210219_0001345562&cID=10301&pID=10300,박영선 백신
아시아투데이,"박영선 ""풍림파마텍 월 1천만대 이상 생산 가능한 스마트공장 양산체계 구축…...",2021.01.19.,https://www.asiatoday.co.kr/view.php?key=20210119010010172,박영선 백신
주간한국,[배종찬 칼럼] 서울 민심이 차기 대선 좌우한다,2021-09-10,https://weekly.hankooki.com/lpage/politics/202109/wk20210910195119145880.htm?s_ref=nv,박영선 백신
조선비즈,"삼성이 지원해 한달만에 생산 성공…靑 ""백신주사기, K-방역의 신화""",2021.02.18.,https://biz.chosun.com/site/data/html_dir/2021/02/18/2021021802343.html?utm_source=naver&utm_medium=original&utm_campaign=biz,박영선 백신
아시아경제,[포토] 바이러스 백신 개발 스타트업 둘러보는 박영선 장관,2020.02.13.,https://view.asiae.co.kr/article/2020021315480369434,박영선 백신
아시아경제,[포토] 백신 개발 연구실 방문한 박영선 장관,2020.02.13.,https://view.asiae.co.kr/article/2020021315474558346,박영선 백신
뉴스1,백신 개발 실험실 둘러보는 박영선 장관,2020.02.13.,http://news1.kr/photos/view/?4053300,박영선 백신
문화일보,"“尹의 입당, 우리에겐 신의 한수… 野 경선 ‘이벤트 요소’ 사라져”",11면 TOP,http://www.munhwa.com/news/view.html?no=2021090801031130120002,박영선 백신
뉴스1,"박영선 ""대한민국 경제 中心 '중기부'…늘 자랑스럽고 감사하다""",2021.07.26.,https://www.news1.kr/articles/?4383646,박영선 백신
아시아경제,[대선 D-6개월]'20대·코로나·북핵'이 내년 대선 승패 가른다,7면 TOP,https://view.asiae.co.kr/article/2021090814143006714,박영선 백신
데일리안,[데일리안 오늘뉴스 종합] 아스트라제네카 백신 접종 재개…30세 미만은 제외...,2021.04.11.,https://www.dailian.co.kr/news/view/981034/?sc=Naver,박영선 백신
오마이뉴스,"[백신 토론] '작정하고 트집' 오세훈, '허술한 방어' 박영선",2021.04.01.,http://www.ohmynews.com/NWS_Web/View/at_pg.aspx?CNTN_CD=A0002731786&CMPT_CD=P0010&utm_source=naver&utm_medium=newsearch&utm_campaign=naver_news,박영선 백신
이데일리,"오세훈 ""백신 접종 OECD 꼴찌"" vs 박영선 ""경제성장률은 1등""",2021.03.31.,http://www.edaily.co.kr/news/newspath.asp?newsid=01148006628988896,박영선 백신
채널A,[여랑야랑]‘사라진 백신 휴가?’ / 오세훈 “박영선 후보님 칭찬합니다”,2021.03.28.,http://www.ichannela.com/news/main/news_detailPage.do?publishId=000000243881,박영선 백신
뉴시스,"[4·7재보선]박영선 ""2%씩 지지 올릴 것""…고3 백신 접종 제안(종합)",2021.03.25.,http://www.newsis.com/view/?id=NISX20210325_0001383953&cID=10301&pID=10300,박영선 백신
e대한경제,박영선 출정식 개최…젊은 층 표심 겨냥 “고3 전원 백신 접종 실현”,2021.03.25.,https://www.dnews.co.kr/uhtml/view.jsp?idxno=202103251443252480384,박영선 백신
인천뉴스,"박영선 후보 ""고3 수험생, 백신 맞추자"" 전격 제안",2021.03.26.,http://www.incheonnews.com/news/articleView.html?idxno=401352,박영선 백신
여성조선,"[슬기로운 해독뉴스 165] 박영선 ‘무인 편의점’ 발언 논란, “달나라에서 왔...",2021.03.25.,http://woman.chosun.com/client/news/viw.asp?cate=C08&mcate=M1001&nNewsNumb=20210375148,박영선 백신
더팩트,"박영선, 1년 전 기사로 ""백신 집단면역 설명 가능""…野 ""공부 하시라""",2021.03.31.,http://news.tf.co.kr/read/ptoday/1851379.htm,박영선 백신
매일경제,백신 무주권국의 비애…모더나 '공급지연' 일방 통보에도 한마디 못하는 정부,A5면 TOP,http://news.mk.co.kr/newsRead.php?no=725452&year=2021,박영선 백신
뉴시스,"박영선, 구로 출정식서 학부모 공약…""고3 백신 우선 접종""",2021.03.25.,http://www.newsis.com/view/?id=NISX20210325_0001383443&cID=10303&pID=10300,박영선 백신
KBS,"박영선, 구로서 출정식…“고3 수험생 코로나 백신 우선 접종”",2021.03.26.,http://news.kbs.co.kr/news/view.do?ncd=5148039&ref=A,박영선 백신
천지일보,[천지일보 이슈종합] 오세훈 안철수 단일화 여론조사·박영선 도쿄 아파트·L...,2021.03.22.,http://www.newscj.com/news/articleView.html?idxno=840459,박영선 백신
천지일보,[천지일보 주간핫이슈10] 문재인 대통령 지지율·부동산·북한 미사일 발사·...,2021.03.27.,http://www.newscj.com/news/articleView.html?idxno=842903,박영선 백신
TV조선,"[단독] 박영선 ""내 제안으로 여름방학 고3 백신"" 주장에 질병청 ""미정"" 반박",2021.04.01.,http://news.tvchosun.com/site/data/html_dir/2021/04/01/2021040190074.html,박영선 백신
파이낸셜뉴스,"[단독]박영선 ""오늘 이스라엘이 韓 백신정책 칭찬""..오늘 아닌 1년 전이었다",2021.03.31.,http://www.fnnews.com/news/202103310217046712,박영선 백신
국민일보,‘텃밭’ 구로 찾은 박영선…“고3엔 화이자백신. 2%씩 지지율 올린다”,2021.03.25.,http://news.kmib.co.kr/article/view.asp?arcid=0015672282&code=61111111&cp=nv,박영선 백신
아주경제,"[4‧7 재보선] 박영선 첫 행보는 현충원 참배·백신 현장 방문...""서울시민 말...",2021.03.02.,http://www.ajunews.com/view/20210302105453956,박영선 백신
TV조선,"박영선, 오늘 아닌 1년 전 기사로 '백신 방어' 논란…""착각한 것, 죄송""",2021.03.31.,http://news.tvchosun.com/site/data/html_dir/2021/03/31/2021033190058.html,박영선 백신
매일신문,"[관풍루] 박영선, “이스라엘 총리가 백신 면역 비결 한국에서 배웠다고 한다...",26면 1단,https://news.imaeil.com/InnerColumn/2021033117560338462,박영선 백신
BBS NEWS,"박영선ㆍ우상호 ""의사협회 입법 백신 방역 연계"" 비난",2021.02.22.,https://news.bbsi.co.kr/news/articleView.html?idxno=3022735,박영선 백신
문화일보,"‘與 서울시장 후보’ 박영선, 첫 행보는 ‘백신접종 현장’",6면 1단,http://www.munhwa.com/news/view.html?no=2021030201070609317001,박영선 백신
KBS,"박영선, 모더나 CEO와 백신 생산공장 공동 설립 논의",2021.01.20.,http://news.kbs.co.kr/news/view.do?ncd=5099192&ref=A,박영선 백신
서울신문,풍림파마텍 코로나 백신 주사기 공개…박영선 “민관협력 성공모델”,2021.01.19.,https://www.seoul.co.kr/news/newsView.php?id=20210119500056&wlog_tag3=naver,박영선 백신
머니투데이,"박영선 ""코로나 백신 주사기, 2월 말 양산""",2021.01.12.,http://news.mt.co.kr/mtview.php?no=2021011215541263374,박영선 백신
뉴스핌,'잔량 최소화' 백신주사기 들어보이는 박영선 중기부 장관,2021.01.19.,http://www.newspim.com/news/view/20210119000212,박영선 백신
JTBC,[재·보선 토론] 박영선 vs 오세훈 '막판 쟁점'…양당 선대위 대변인,2021.04.05.,https://news.jtbc.joins.com/article/article.aspx?news_id=NB11999110,박영선 백신
서울경제,박영선 장관 “코로나19 백신 주사기 준비 중”,2021.01.01.,https://www.sedaily.com/NewsView/22H35JM16J,박영선 백신
한국경제,"박영선 캠프 보직 반납한 박주민…""의원직 사퇴라도 한 줄"" [여의도 브리핑]",2021.04.02.,https://www.hankyung.com/politics/article/2021040204067,박영선 백신
YTN,"[황출새]윤건영""박영선-오세훈 오늘 첫 TV토론, 우린 평소 실력으로..""",2021.03.29.,https://www.ytn.co.kr/_ln/0101_202103290831258385,박영선 백신
아시아투데이,[포토] 코로나19 백신 중앙접종센터 찾은 박영선,2021.02.18.,https://www.asiatoday.co.kr/view.php?key=20210218010011123,박영선 백신
뉴스핌,백신 접종 과정 지켜보는 박영선 서울시장 경선후보,2021.02.18.,http://www.newspim.com/news/view/20210218000930,박영선 백신
이데일리,[포토] 백신용 주사기 소개하는 박영선 장관,2021.01.19.,http://www.edaily.co.kr/news/newspath.asp?newsid=02200886628919360,박영선 백신
JTBC,[재·보선 토론] 박영선 vs 오세훈 '막판 쟁점'…양당 선대위 대변인,2021.04.05.,https://news.jtbc.joins.com/article/article.aspx?news_id=NB11999110,박영선 백신
서울경제,박영선 장관 “코로나19 백신 주사기 준비 중”,2021.01.01.,https://www.sedaily.com/NewsView/22H35JM16J,박영선 백신
한국경제,"박영선 캠프 보직 반납한 박주민…""의원직 사퇴라도 한 줄"" [여의도 브리핑]",2021.04.02.,https://www.hankyung.com/politics/article/2021040204067,박영선 백신
YTN,"[황출새]윤건영""박영선-오세훈 오늘 첫 TV토론, 우린 평소 실력으로..""",2021.03.29.,https://www.ytn.co.kr/_ln/0101_202103290831258385,박영선 백신
아시아투데이,[포토] 코로나19 백신 중앙접종센터 찾은 박영선,2021.02.18.,https://www.asiatoday.co.kr/view.php?key=20210218010011123,박영선 백신
뉴스핌,백신 접종 과정 지켜보는 박영선 서울시장 경선후보,2021.02.18.,http://www.newspim.com/news/view/20210218000930,박영선 백신
뉴스1,박영선 장관 '코로나19 백신 주사기 공개',2021.01.19.,https://www.news1.kr/photos/view/?4580827,박영선 백신
브릿지경제,"재보궐선거 13일간의 열전 돌입… 박영선 VS 오세훈, 김영춘 VS 박형준, 본격...",2021.03.25.,http://www.viva100.com/main/view.php?key=20210325010007308,박영선 백신
조선비즈,"박영선, K-주사기 개발 자신이 다한 듯 자랑…野 ""삼성에 숟가락 얹기 그만해...",2021.03.04.,https://biz.chosun.com/site/data/html_dir/2021/03/03/2021030302688.html?utm_source=naver&utm_medium=original&utm_campaign=biz,박영선 백신
뉴스1,코로나19 백신 주사기 선보이는 박영선 장관,2021.01.19.,https://www.news1.kr/photos/view/?4580821,박영선 백신
이데일리,[포토] 코로나19 백신용 주사기 소개하는 박영선 장관,2021.01.19.,http://www.edaily.co.kr/news/newspath.asp?newsid=02171366628919360,박영선 백신
브릿지경제,"재보궐선거 13일간의 열전 돌입… 박영선 VS 오세훈, 김영춘 VS 박형준, 본격...",2021.03.25.,http://www.viva100.com/main/view.php?key=20210325010007308,박영선 백신
조선비즈,"박영선, K-주사기 개발 자신이 다한 듯 자랑…野 ""삼성에 숟가락 얹기 그만해...",2021.03.04.,https://biz.chosun.com/site/data/html_dir/2021/03/03/2021030302688.html?utm_source=naver&utm_medium=original&utm_campaign=biz,박영선 백신
MBC,박영선 정책 행보 본격화…범여권 후보 단일화는 '출렁',2021.03.02.,https://imnews.imbc.com/replay/2021/nwdesk/article/6106759_34936.html,박영선 백신
국제뉴스,"박영선 ""코로나19 종식에 힘 모을 것"" 호소",2021.03.02.,http://www.gukjenews.com/news/articleView.html?idxno=2172562,박영선 백신
한국경제,"허은아 ""박영선, 도쿄 부동산은?…주사기 日 수출만 운운""",2021.02.21.,https://www.hankyung.com/politics/article/2021022122387,박영선 백신
뉴스1,"박영선 ""검증된 행정력과 추진력…일잘하는 시장이 강한 서울 만들 것""",2021.03.01.,https://www.news1.kr/articles/?4226695,박영선 백신
MBC,박영선 본격 정책 행보…범여권 후보 단일화 '출렁',2021.03.03.,https://imnews.imbc.com/replay/2021/nwtoday/article/6106923_34943.html,박영선 백신
이투데이,이낙연-박영선 ‘화기애애’…李 “3수생이라 준비돼”·朴 “종로 사무실 얻...,2021.02.18.,https://www.etoday.co.kr/news/view/1996358,박영선 백신
뉴스1,"박영선 ""검증된 행정력과 추진력…일잘하는 시장이 강한 서울 만들 것""",2021.03.01.,https://www.news1.kr/articles/?4226695,박영선 백신
MBC,박영선 본격 정책 행보…범여권 후보 단일화 '출렁',2021.03.03.,https://imnews.imbc.com/replay/2021/nwtoday/article/6106923_34943.html,박영선 백신
이투데이,이낙연-박영선 ‘화기애애’…李 “3수생이라 준비돼”·朴 “종로 사무실 얻...,2021.02.18.,https://www.etoday.co.kr/news/view/1996358,박영선 백신
한국경제,與 경선투표 첫날…박영선·우상호 '신경전',A6면 1단,https://www.hankyung.com/politics/article/2021022678501,박영선 백신
인천뉴스,"여당 서울시장 후보 박영선, 수락연설 뭘 담았나",2021.03.02.,http://www.incheonnews.com/news/articleView.html?idxno=400938,박영선 백신
더팩트,"박영선, 중앙예방접종센터 ""26일 K접종 시작"" 격려와 당부 전해 [TF사진관]",2021.02.18.,http://news.tf.co.kr/read/photomovie/1843850.htm,박영선 백신
뉴시스,박영선·우상호 與 경선 레이스 막바지…굳히기냐 뒤집기냐,2021.02.21.,http://www.newsis.com/view/?id=NISX20210219_0001345562&cID=10301&pID=10300,박영선 백신
아시아투데이,"박영선 ""풍림파마텍 월 1천만대 이상 생산 가능한 스마트공장 양산체계 구축…...",2021.01.19.,https://www.asiatoday.co.kr/view.php?key=20210119010010172,박영선 백신
주간한국,[배종찬 칼럼] 서울 민심이 차기 대선 좌우한다,2021-09-10,https://weekly.hankooki.com/lpage/politics/202109/wk20210910195119145880.htm?s_ref=nv,박영선 백신
조선비즈,"삼성이 지원해 한달만에 생산 성공…靑 ""백신주사기, K-방역의 신화""",2021.02.18.,https://biz.chosun.com/site/data/html_dir/2021/02/18/2021021802343.html?utm_source=naver&utm_medium=original&utm_campaign=biz,박영선 백신
중앙일보,"박영선 ""서울 정쟁 대상 아냐…봄 같은 시장 되겠다"" [전문]",2021.03.01.,https://news.joins.com/article/olink/23596987,박영선 백신
더팩트,"박영선, 중앙예방접종센터 ""26일 K접종 시작"" 격려와 당부 전해 [TF사진관]",2021.02.18.,http://news.tf.co.kr/read/photomovie/1843850.htm,박영선 백신
뉴시스,박영선·우상호 與 경선 레이스 막바지…굳히기냐 뒤집기냐,2021.02.21.,http://www.newsis.com/view/?id=NISX20210219_0001345562&cID=10301&pID=10300,박영선 백신
아시아투데이,"박영선 ""풍림파마텍 월 1천만대 이상 생산 가능한 스마트공장 양산체계 구축…...",2021.01.19.,https://www.asiatoday.co.kr/view.php?key=20210119010010172,박영선 백신
주간한국,[배종찬 칼럼] 서울 민심이 차기 대선 좌우한다,2021-09-10,https://weekly.hankooki.com/lpage/politics/202109/wk20210910195119145880.htm?s_ref=nv,박영선 백신
조선비즈,"삼성이 지원해 한달만에 생산 성공…靑 ""백신주사기, K-방역의 신화""",2021.02.18.,https://biz.chosun.com/site/data/html_dir/2021/02/18/2021021802343.html?utm_source=naver&utm_medium=original&utm_campaign=biz,박영선 백신
에너지경제,"풍림파마텍, 코로나 백신주사기 月 1000만개 생산…美FDA 승인 요청",2021.01.19.,https://www.ekn.kr/web/view.php?key=20210119010004025,박영선 백신
아시아경제,[포토] 바이러스 백신 개발 설명 듣는 박영선 장관,2020.02.13.,https://view.asiae.co.kr/article/2020021315474355203,박영선 백신
아시아경제,[포토] 백신 개발 연구실 방문한 박영선 장관,2020.02.13.,https://view.asiae.co.kr/article/2020021315474558346,박영선 백신
뉴스1,백신 개발 실험실 둘러보는 박영선 장관,2020.02.13.,http://news1.kr/photos/view/?4053300,박영선 백신
뉴시스,박영선·우상호 與 경선 레이스 막바지…굳히기냐 뒤집기냐,2021.02.21.,http://www.newsis.com/view/?id=NISX20210219_0001345562&cID=10301&pID=10300,박영선 백신
아시아투데이,"박영선 ""풍림파마텍 월 1천만대 이상 생산 가능한 스마트공장 양산체계 구축…...",2021.01.19.,https://www.asiatoday.co.kr/view.php?key=20210119010010172,박영선 백신
주간한국,[배종찬 칼럼] 서울 민심이 차기 대선 좌우한다,2021-09-10,https://weekly.hankooki.com/lpage/politics/202109/wk20210910195119145880.htm?s_ref=nv,박영선 백신
조선비즈,"삼성이 지원해 한달만에 생산 성공…靑 ""백신주사기, K-방역의 신화""",2021.02.18.,https://biz.chosun.com/site/data/html_dir/2021/02/18/2021021802343.html?utm_source=naver&utm_medium=original&utm_campaign=biz,박영선 백신
에너지경제,"풍림파마텍, 코로나 백신주사기 月 1000만개 생산…美FDA 승인 요청",2021.01.19.,https://www.ekn.kr/web/view.php?key=20210119010004025,박영선 백신
아시아경제,[포토] 바이러스 백신 개발 스타트업 둘러보는 박영선 장관,2020.02.13.,https://view.asiae.co.kr/article/2020021315480369434,박영선 백신
아시아경제,[포토] 백신 개발 연구실 방문한 박영선 장관,2020.02.13.,https://view.asiae.co.kr/article/2020021315474558346,박영선 백신
뉴스1,백신 개발 실험실 둘러보는 박영선 장관,2020.02.13.,http://news1.kr/photos/view/?4053300,박영선 백신
아주경제,"[한미정상회담 결산] 박영선, 삼성바이오-모더나 백신 계약 성사 막후에서 활...",2021.05.23.,http://www.ajunews.com/view/20210523152724931,박영선 백신
문화일보,"“尹의 입당, 우리에겐 신의 한수… 野 경선 ‘이벤트 요소’ 사라져”",11면 TOP,http://www.munhwa.com/news/view.html?no=2021090801031130120002,박영선 백신
아시아경제,[포토] 바이러스 백신 개발 연구소 둘러보는 박영선 장관,2020.02.13.,https://view.asiae.co.kr/article/2020021315473449713,박영선 백신
아시아경제,[포토] 백신 개발 연구실 방문한 박영선 장관,2020.02.13.,https://view.asiae.co.kr/article/2020021315474558346,박영선 백신
뉴스1,백신 개발 실험실 둘러보는 박영선 장관,2020.02.13.,http://news1.kr/photos/view/?4053300,박영선 백신
아주경제,"[한미정상회담 결산] 박영선, 삼성바이오-모더나 백신 계약 성사 막후에서 활...",2021.05.23.,http://www.ajunews.com/view/20210523152724931,박영선 백신
문화일보,"“尹의 입당, 우리에겐 신의 한수… 野 경선 ‘이벤트 요소’ 사라져”",11면 TOP,http://www.munhwa.com/news/view.html?no=2021090801031130120002,박영선 백신
뉴스1,"박영선 ""대한민국 경제 中心 '중기부'…늘 자랑스럽고 감사하다""",2021.07.26.,https://www.news1.kr/articles/?4383646,박영선 백신
아시아경제,[대선 D-6개월]'20대·코로나·북핵'이 내년 대선 승패 가른다,7면 TOP,https://view.asiae.co.kr/article/2021090814143006714,박영선 백신
데일리안,[데일리안 오늘뉴스 종합] 아스트라제네카 백신 접종 재개…30세 미만은 제외...,2021.04.11.,https://www.dailian.co.kr/news/view/981034/?sc=Naver,박영선 백신
오마이뉴스,"[백신 토론] '작정하고 트집' 오세훈, '허술한 방어' 박영선",2021.04.01.,http://www.ohmynews.com/NWS_Web/View/at_pg.aspx?CNTN_CD=A0002731786&CMPT_CD=P0010&utm_source=naver&utm_medium=newsearch&utm_campaign=naver_news,박영선 백신
이데일리,"오세훈 ""백신 접종 OECD 꼴찌"" vs 박영선 ""경제성장률은 1등""",2021.03.31.,http://www.edaily.co.kr/news/newspath.asp?newsid=01148006628988896,박영선 백신
데일리안,[데일리안 오늘뉴스 종합] 아스트라제네카 백신 접종 재개…30세 미만은 제외...,2021.04.11.,https://www.dailian.co.kr/news/view/981034/?sc=Naver,박영선 백신
뉴스1,"박영선 ""가슴이 콩콩 뛴다…'세종시대' 중기부 새청사 궁금""",2021.07.26.,https://www.news1.kr/articles/?4383265,박영선 백신
오마이뉴스,"[백신 토론] '작정하고 트집' 오세훈, '허술한 방어' 박영선",2021.04.01.,http://www.ohmynews.com/NWS_Web/View/at_pg.aspx?CNTN_CD=A0002731786&CMPT_CD=P0010&utm_source=naver&utm_medium=newsearch&utm_campaign=naver_news,박영선 백신
이데일리,"오세훈 ""백신 접종 OECD 꼴찌"" vs 박영선 ""경제성장률은 1등""",2021.03.31.,http://www.edaily.co.kr/news/newspath.asp?newsid=01148006628988896,박영선 백신
채널A,[여랑야랑]‘사라진 백신 휴가?’ / 오세훈 “박영선 후보님 칭찬합니다”,2021.03.28.,http://www.ichannela.com/news/main/news_detailPage.do?publishId=000000243881,박영선 백신
뉴스핌,"박영선, '정치적 고향' 구로서 출정식...첫 서울 선언은 ""고3 화이자 백신 접...",2021.03.25.,http://www.newspim.com/news/view/20210325000900,박영선 백신
뉴시스,"[4·7재보선]박영선 ""2%씩 지지 올릴 것""…고3 백신 접종 제안(종합)",2021.03.25.,http://www.newsis.com/view/?id=NISX20210325_0001383953&cID=10301&pID=10300,박영선 백신
e대한경제,박영선 출정식 개최…젊은 층 표심 겨냥 “고3 전원 백신 접종 실현”,2021.03.25.,https://www.dnews.co.kr/uhtml/view.jsp?idxno=202103251443252480384,박영선 백신
인천뉴스,"박영선 후보 ""고3 수험생, 백신 맞추자"" 전격 제안",2021.03.26.,http://www.incheonnews.com/news/articleView.html?idxno=401352,박영선 백신
여성조선,"[슬기로운 해독뉴스 165] 박영선 ‘무인 편의점’ 발언 논란, “달나라에서 왔...",2021.03.25.,http://woman.chosun.com/client/news/viw.asp?cate=C08&mcate=M1001&nNewsNumb=20210375148,박영선 백신
여성조선,"[슬기로운 해독뉴스 165] 박영선 ‘무인 편의점’ 발언 논란, “달나라에서 왔...",2021.03.25.,http://woman.chosun.com/client/news/viw.asp?cate=C08&mcate=M1001&nNewsNumb=20210375148,박영선 백신
팩트경제신문,"박영선 ""고3 수험생, '여름방학 화이자 백신 접종' 제안""",2021.03.25.,http://www.womaneconomy.kr/news/articleView.html?idxno=100813,박영선 백신
더팩트,"박영선, 1년 전 기사로 ""백신 집단면역 설명 가능""…野 ""공부 하시라""",2021.03.31.,http://news.tf.co.kr/read/ptoday/1851379.htm,박영선 백신
매일경제,백신 무주권국의 비애…모더나 '공급지연' 일방 통보에도 한마디 못하는 정부,A5면 TOP,http://news.mk.co.kr/newsRead.php?no=725452&year=2021,박영선 백신
뉴시스,"박영선, 구로 출정식서 학부모 공약…""고3 백신 우선 접종""",2021.03.25.,http://www.newsis.com/view/?id=NISX20210325_0001383443&cID=10303&pID=10300,박영선 백신
KBS,"박영선, 구로서 출정식…“고3 수험생 코로나 백신 우선 접종”",2021.03.26.,http://news.kbs.co.kr/news/view.do?ncd=5148039&ref=A,박영선 백신
천지일보,[천지일보 이슈종합] 오세훈 안철수 단일화 여론조사·박영선 도쿄 아파트·L...,2021.03.22.,http://www.newscj.com/news/articleView.html?idxno=840459,박영선 백신
천지일보,[천지일보 주간핫이슈10] 문재인 대통령 지지율·부동산·북한 미사일 발사·...,2021.03.27.,http://www.newscj.com/news/articleView.html?idxno=842903,박영선 백신
TV조선,"[단독] 박영선 ""내 제안으로 여름방학 고3 백신"" 주장에 질병청 ""미정"" 반박",2021.04.01.,http://news.tvchosun.com/site/data/html_dir/2021/04/01/2021040190074.html,박영선 백신
파이낸셜뉴스,"[단독]박영선 ""오늘 이스라엘이 韓 백신정책 칭찬""..오늘 아닌 1년 전이었다",2021.03.31.,http://www.fnnews.com/news/202103310217046712,박영선 백신
이데일리,"박영선 “고3 수험생, 화이자 백신 먼저 맞자”",2021.03.25.,http://www.edaily.co.kr/news/newspath.asp?newsid=03240646628986928,박영선 백신
천지일보,[천지일보 주간핫이슈10] 문재인 대통령 지지율·부동산·북한 미사일 발사·...,2021.03.27.,http://www.newscj.com/news/articleView.html?idxno=842903,박영선 백신
TV조선,"[단독] 박영선 ""내 제안으로 여름방학 고3 백신"" 주장에 질병청 ""미정"" 반박",2021.04.01.,http://news.tvchosun.com/site/data/html_dir/2021/04/01/2021040190074.html,박영선 백신
파이낸셜뉴스,"[단독]박영선 ""오늘 이스라엘이 韓 백신정책 칭찬""..오늘 아닌 1년 전이었다",2021.03.31.,http://www.fnnews.com/news/202103310217046712,박영선 백신
국제뉴스,"박영선 ""선생님들 코로나19 백신 접종 우선""",2021.03.09.,http://www.gukjenews.com/news/articleView.html?idxno=2176906,박영선 백신
국민일보,‘텃밭’ 구로 찾은 박영선…“고3엔 화이자백신. 2%씩 지지율 올린다”,2021.03.25.,http://news.kmib.co.kr/article/view.asp?arcid=0015672282&code=61111111&cp=nv,박영선 백신
아주경제,"[4‧7 재보선] 박영선 첫 행보는 현충원 참배·백신 현장 방문...""서울시민 말...",2021.03.02.,http://www.ajunews.com/view/20210302105453956,박영선 백신
TV조선,"박영선, 오늘 아닌 1년 전 기사로 '백신 방어' 논란…""착각한 것, 죄송""",2021.03.31.,http://news.tvchosun.com/site/data/html_dir/2021/03/31/2021033190058.html,박영선 백신
매일신문,"[관풍루] 박영선, “이스라엘 총리가 백신 면역 비결 한국에서 배웠다고 한다...",26면 1단,https://news.imaeil.com/InnerColumn/2021033117560338462,박영선 백신
YTN,"박영선, 후보 확정 뒤 첫날 '백신접종 점검·간담회'",2021.03.02.,https://www.ytn.co.kr/_ln/0101_202103020003415430,박영선 백신
매일신문,"[관풍루] 박영선, “이스라엘 총리가 백신 면역 비결 한국에서 배웠다고 한다...",26면 1단,https://news.imaeil.com/InnerColumn/2021033117560338462,박영선 백신
YTN,"박영선, 후보 확정 뒤 첫날 '백신접종 점검·간담회'",2021.03.02.,https://www.ytn.co.kr/_ln/0101_202103020003415430,박영선 백신
KBS,"박영선 “고3, 여름방학에 백신 우선 접종 제안”",2021.03.25.,http://news.kbs.co.kr/news/view.do?ncd=5147566&ref=A,박영선 백신
BBS NEWS,"박영선ㆍ우상호 ""의사협회 입법 백신 방역 연계"" 비난",2021.02.22.,https://news.bbsi.co.kr/news/articleView.html?idxno=3022735,박영선 백신
문화일보,"‘與 서울시장 후보’ 박영선, 첫 행보는 ‘백신접종 현장’",6면 1단,http://www.munhwa.com/news/view.html?no=2021030201070609317001,박영선 백신
공감신문,"박영선, 구로구 중학교 방문...""선생님부터 백신접종해야""",2021.03.09.,http://www.gokorea.kr/news/articleView.html?idxno=700775,박영선 백신
국제신문,"팬데믹시대, 몸과 마음 위로할 ‘예술 백신’展",2021.07.12.,http://www.kookje.co.kr/news2011/asp/newsbody.asp?code=0500&key=20210712.22017001425,박영선 백신
아시아투데이,"박영선, 민주당 후보 일정 돌입… 현충원 참배·백신현장 방문",2021.03.02.,https://www.asiatoday.co.kr/view.php?key=20210302010001222,박영선 백신
세계일보,박영선 “日 주사기 문제로 접종 차질…백신 버려야 한다니 아깝다”,2021.02.11.,http://www.segye.com/content/html/2021/02/11/20210211504521.html?OutUrl=naver,박영선 백신
천지일보,[천지일보 이슈종합] 문재인 대통령 3.1절 기념사·박영선 경선승리·친일파 ...,2021.03.02.,http://www.newscj.com/news/articleView.html?idxno=833758,박영선 백신
뉴스1,박영선 '민주당 후보' 일정 돌입…현충원 참배 후 '백신 현장 간담회',2021.03.02.,https://www.news1.kr/articles/?4226757,박영선 백신
뉴시스,"박영선, 與 서울시장 후보 첫 행보는 '코로나 백신 접종 현장'",2021.03.02.,http://www.newsis.com/view/?id=NISX20210301_0001354895&cID=10301&pID=10300,박영선 백신
뉴스1,"학교 찾은 박영선 ""선생님들 코로나 백신 접종 우선 실시해야""",2021.03.09.,https://www.news1.kr/articles/?4234760,박영선 백신
조선일보,박영선의 이유 있는 자랑 “韓 중소기업 ‘백신 특수주사기' 美 FDA 승인됐다...,2021.02.17.,https://www.chosun.com/politics/assembly/2021/02/17/NY5PETDKFBBTFMM2DZGDKXYC44/?utm_source=naver&utm_medium=referral&utm_campaign=naver-news,박영선 백신
뉴시스,미술가 11인 ‘다시 이제부터’…예술백신 프로젝트,2021.07.05.,http://www.newsis.com/view/?id=NISX20210705_0001501410&cID=10811&pID=10800,박영선 백신
머니투데이,"허은아 ""박영선, 주일대사 출마?…백신도 없는데 주사기에 숟가락 얹기 그만""",2021.02.21.,http://news.mt.co.kr/mtview.php?no=2021022111092810661,박영선 백신
머니투데이,"박영선의 이유있는 자랑 ""백신용 韓 주사기, 美·日서 대량주문""",2021.02.14.,http://news.mt.co.kr/mtview.php?no=2021021418067641717,박영선 백신
뉴스1,백신 접종한 병원 관계자 찾은 박영선 후보,2021.03.02.,https://www.news1.kr/photos/view/?4645105,박영선 백신
아시아투데이,[포토] 백신 접종 간호사-필수노동자들과 대화하는 박영선,2021.03.02.,https://www.asiatoday.co.kr/view.php?key=20210302010001158,박영선 백신
MBN,[백운기의 뉴스와이드] 文 삼일절 메시지…내용은? / 백신 접종의 정치학? / ...,2021.03.01.,http://www.mbn.co.kr/pages/news/newsView.php?news_seq_no=4436455,박영선 백신
뉴스1,백신 접종한 병원 관계자 찾은 박영선 후보,2021.03.02.,https://www.news1.kr/photos/view/?4645101,박영선 백신
아시아투데이,[포토] 백신 접종 간호사-필수노동자들과 대화하는 박영선,2021.03.02.,https://www.asiatoday.co.kr/view.php?key=20210302010001158,박영선 백신
MBN,[백운기의 뉴스와이드] 文 삼일절 메시지…내용은? / 백신 접종의 정치학? / ...,2021.03.01.,http://www.mbn.co.kr/pages/news/newsView.php?news_seq_no=4436455,박영선 백신
민중의소리,코로나19 백신 접종 현장에서 격려하는 박영선[포토],2021.02.26.,https://www.vop.co.kr/A00001551209.html,박영선 백신
뉴스핌,"박영선 중기부 장관, 모더나 CEO와 백신 생산공장 공동설립 논의",2021.01.20.,http://www.newspim.com/news/view/20210120000455,박영선 백신
아시아투데이,"박영선·우상호, 설 명절 민심 '백신 접종·영업제한 완화'",2021.02.14.,https://www.asiatoday.co.kr/view.php?key=20210214010007806,박영선 백신
매일일보,"박영선 장관 ""대·중소 협력, 국산 코로나19 백신주사기 월 1천만개 양산체계...",2021.01.19.,http://www.m-i.kr/news/articleView.html?idxno=787306,박영선 백신
천지일보,[천지일보 주간핫이슈10] 서훈-설리번 첫 통화·한미 동맹 재확인·박영선 멈...,2021.01.23.,http://www.newscj.com/news/articleView.html?idxno=822039,박영선 백신
머니투데이,"박영선, 서울시장 출마 고민한 이유…""코로나 백신 주사기 때문""",2021.01.20.,http://news.mt.co.kr/mtview.php?no=2021012006230199668,박영선 백신
뉴스1,박영선 서울시장 출마 미룬 이유?…'소상공인·코로나 백신 주사기',2021.01.19.,https://www.news1.kr/articles/?4186198,박영선 백신
아시아투데이,"박영선·우상호, 설 명절 민심 '백신 접종·영업제한 완화'",2021.02.14.,https://www.asiatoday.co.kr/view.php?key=20210214010007806,박영선 백신
매일일보,"박영선 장관 ""대·중소 협력, 국산 코로나19 백신주사기 월 1천만개 양산체계...",2021.01.19.,http://www.m-i.kr/news/articleView.html?idxno=787306,박영선 백신
천지일보,[천지일보 주간핫이슈10] 서훈-설리번 첫 통화·한미 동맹 재확인·박영선 멈...,2021.01.23.,http://www.newscj.com/news/articleView.html?idxno=822039,박영선 백신
뉴스1,"떠나는 박영선 장관, 마지막 일정은 모더나와 '코로나 백신공장' 설립 논의",2021.01.20.,https://www.news1.kr/articles/?4186692,박영선 백신
머니투데이,"박영선, 서울시장 출마 고민한 이유…""코로나 백신 주사기 때문""",2021.01.20.,http://news.mt.co.kr/mtview.php?no=2021012006230199668,박영선 백신
뉴스1,박영선 서울시장 출마 미룬 이유?…'소상공인·코로나 백신 주사기',2021.01.19.,https://www.news1.kr/articles/?4186198,박영선 백신
이투데이,"與 대선 경선 연기, 이번엔 백신 책임론…反이재명 합심",2021.05.30.,https://www.etoday.co.kr/news/view/2030833,박영선 백신
스카이데일리,"나경원·주호영, 이준석에 견제구…李, 백신 접종 예약 ‘여유’",2021.06.01.,http://www.skyedaily.com/news/news_view.html?ID=132783,박영선 백신
머니투데이,"박영선 ""吳, 가장 잘한 일이 유치원 무상급식?…시대 뒤처져 씁쓸""",2021.05.17.,http://news.mt.co.kr/mtview.php?no=2021051707590464205,박영선 백신
YTN,4·7 재보선 출구조사 발표...박영선 37.7%·오세훈 59%,2021.04.07.,https://www.ytn.co.kr/_ln/0101_202104072040510315,박영선 백신
뉴시스,"백신 주사기, 월 1000만개 양산…박영선 ""민관협력 성공모델""",2021.01.19.,http://www.newsis.com/view/?id=NISX20210119_0001310311&cID=13001&pID=13000,박영선 백신
이투데이,"與 대선 경선 연기, 이번엔 백신 책임론…反이재명 합심",2021.05.30.,https://www.etoday.co.kr/news/view/2030833,박영선 백신
스카이데일리,"나경원·주호영, 이준석에 견제구…李, 백신 접종 예약 ‘여유’",2021.06.01.,http://www.skyedaily.com/news/news_view.html?ID=132783,박영선 백신
머니투데이,"박영선 ""吳, 가장 잘한 일이 유치원 무상급식?…시대 뒤처져 씁쓸""",2021.05.17.,http://news.mt.co.kr/mtview.php?no=2021051707590464205,박영선 백신
YTN,4·7 재보선 출구조사 발표...박영선 37.7%·오세훈 59%,2021.04.07.,https://www.ytn.co.kr/_ln/0101_202104072040510315,박영선 백신
아시아투데이,"박영선, 모더나 CEO와 호흡기전염 질환 백신 생산공장 설립 논의",2021.01.20.,https://www.asiatoday.co.kr/view.php?key=20210120010011350,박영선 백신
조선일보,강경화 “백신 확보 늦은 이유? 국제사회 공급 협력했기 때문”,2021.05.27.,https://www.chosun.com/politics/diplomacy-defense/2021/05/27/KTNAKFJJSNDPLCPFKVMPTB5R6Q/?utm_source=naver&utm_medium=referral&utm_campaign=naver-news,박영선 백신
JTBC,"[팩트체크] 박영선 ""K주사기, 접종 속도 높였다""? 오세훈 ""태극기집회 한 번 ...",2021.04.06.,https://news.jtbc.joins.com/article/article.aspx?news_id=NB11999248,박영선 백신
BBS NEWS,"박영선 ""오 후보의 반성, TV토론에서 느껴지지 않아...서울시민 생각하는 마음...",2021.04.06.,https://news.bbsi.co.kr/news/articleView.html?idxno=3027615,박영선 백신
KBS,[주진우 라이브] 박영선 “내가 ‘존재 자체가 거짓말’? 오 후보 당선되면 서...,2021.04.05.,http://news.kbs.co.kr/news/view.do?ncd=5155333&ref=A,박영선 백신
BBS NEWS,"박영선 ""오 후보의 반성, TV토론에서 느껴지지 않아...서울시민 생각하는 마음...",2021.04.06.,https://news.bbsi.co.kr/news/articleView.html?idxno=3027615,박영선 백신
KBS,[주진우 라이브] 박영선 “내가 ‘존재 자체가 거짓말’? 오 후보 당선되면 서...,2021.04.05.,http://news.kbs.co.kr/news/view.do?ncd=5155333&ref=A,박영선 백신
YTN,"박영선·오세훈, 서울시장 선거 마지막 TV토론 ②",2021.04.05.,https://www.ytn.co.kr/replay/view.php?idx=21&key=202104051452127237,박영선 백신
경인매일,[정웅교의 정치분석] 박영선의 '도도한 자기확신감'과 오세훈의 '청산유수 달...,2021.04.05.,http://www.kmaeil.com/news/articleView.html?idxno=273851,박영선 백신
뉴스퀘스트,"[뉴스퀘스트의 '꼭알' 뉴스/정치·사회] 박영선 ""자고 나면 거짓말"" 오세훈 ""...",2021.03.31.,http://www.newsquest.co.kr/news/articleView.html?idxno=83052,박영선 백신
뉴스퀘스트,"[뉴스퀘스트의 '꼭알' 뉴스/정치·사회] 오세훈 ""시민을 도우라는 지상명령""....",2021.04.08.,http://www.newsquest.co.kr/news/articleView.html?idxno=83332,박영선 백신
SBS,박영선-오세훈 첫 TV 토론…쏟아진 말말말 따져보니,2021.03.30.,https://news.sbs.co.kr/news/endPage.do?news_id=N1006261796&plink=ORI&cooper=NAVER,박영선 백신
뉴스퀘스트,"[뉴스퀘스트의 '꼭알' 뉴스/정치·사회] 서울시장 첫 토론서...박영선 ""내곡동...",2021.03.30.,http://www.newsquest.co.kr/news/articleView.html?idxno=83004,박영선 백신
노컷뉴스,[노컷한컷]사전투표 돌입…박영선·오세훈 누가 웃을까,2021.04.02.,https://www.nocutnews.co.kr/news/5528655,박영선 백신
스카이데일리,"박영선이 극찬한 ‘K주사기’ 이물질 논란…“靑, 알고도 공개 안했다”",2021.04.25.,http://www.skyedaily.com/news/news_view.html?ID=129453,박영선 백신
뉴스1,"박영선, 중앙예방접종센터 방문해 백신 접종 준비상황 점검",2021.02.18.,https://www.news1.kr/photos/view/?4627218,박영선 백신
한국경제,"박주민·고민정·장경태 유세단에…진중권 ""박영선 낙선시키려는 듯""",2021.04.01.,https://www.hankyung.com/politics/article/2021040160827,박영선 백신
국제뉴스,"박영선 ""진심이 거짓 이기는 서울시 만들겠다""",2021.04.06.,http://www.gukjenews.com/news/articleView.html?idxno=2196909,박영선 백신
뉴스1,"박영선 장관, '이것이 코로나19 백신주사기 입니다'",2021.01.19.,https://www.news1.kr/photos/view/?4580794,박영선 백신
데일리안,[데일리안 오늘뉴스 종합] 박영선 첫주말 유세 중단...'확진자 접촉' 정청래 ...,2021.03.27.,https://www.dailian.co.kr/news/view/976421/?sc=Naver,박영선 백신
뉴스웍스,"이용호 의원 ""정부, '플랜A' 실패해 백신 확보 미흡…우리가 '갑'인 것처럼 얘...",2021.05.19.,http://www.newsworks.co.kr/news/articleView.html?idxno=549213,박영선 백신
한국경제,"박영선 ""시장돼 민주당 바꾸겠다"" vs 오세훈 ""청년들 절규·분노에 책임감 느...",2021.04.05.,https://www.hankyung.com/politics/article/2021040594777,박영선 백신
오마이뉴스,"'막판 유세' 박영선 ""민주당 지지자들, 결집하고 있다""",2021.04.05.,http://www.ohmynews.com/NWS_Web/View/at_pg.aspx?CNTN_CD=A0002732779&CMPT_CD=P0010&utm_source=naver&utm_medium=newsearch&utm_campaign=naver_news,박영선 백신
청년일보,"[오늘의 토막뉴스]""5G 상용화, 통신사와 소비자 간 간극은 '여전'...오세훈 5...",2021.04.07.,http://www.youthdaily.co.kr/news/article.html?no=67536,박영선 백신
팩트경제신문,박영선-오세훈 첫 TV토론 쟁점은?···부동산 난타전,2021.03.30.,http://www.womaneconomy.kr/news/articleView.html?idxno=100976,박영선 백신
팩트경제신문,박영선-오세훈 첫 TV토론 쟁점은?···부동산 난타전,2021.03.30.,http://www.womaneconomy.kr/news/articleView.html?idxno=100976,박영선 백신
YTN,"[황출새]박영선""청년들 위해 월세 20만원 지원 정책 크게 확대할 것""",2021.03.26.,https://www.ytn.co.kr/_ln/0101_202103260847560674,박영선 백신
SBS Biz,[핫이슈 키워드] 4·7 선택의 날·박영선 ‘민생 시장’·오세훈 강북 강행군...,2021.04.07.,https://biz.sbs.co.kr/article_hub/20000010476?division=NAVER,박영선 백신
천지일보,"[천지일보 이슈종합] 서울 결전 첫날, 박영선 '역전' 오세훈 '화합' 방점·올...",2021.03.26.,http://www.newscj.com/news/articleView.html?idxno=842315,박영선 백신
세계일보,국정안정 vs 정권심판…박영선·오세훈 '미니 대선' 전초전 시작,A4면 1단,http://www.segye.com/content/html/2021/03/25/20210325519414.html?OutUrl=naver,박영선 백신
한국일보,"박영선 전략은 '달려라 써니~'...""지지율, 하루 2%씩 따라잡는다""",5면 TOP,https://hankookilbo.com/News/Read/A2021032517290002516?did=NA,박영선 백신
싱글리스트,"박영선, 오세훈 ""정부, 코로나19 대책 무능"" 주장에 ""잘한 건 잘했다고 하라""",2021.03.31.,http://www.slist.kr/news/articleView.html?idxno=238735,박영선 백신
중앙일보,박영선 ‘정치 고향’ 구로 공략…“하루 2%P씩 올릴 자신 있다”,A8면 1단,https://news.joins.com/article/olink/23615398,박영선 백신
한국경제,"박영선 ""공감능력 없다? 이해 안돼…野, 악의적으로 이간질""",2021.03.25.,https://www.hankyung.com/politics/article/2021032535857,박영선 백신
서울신문,"‘학부모 공략’ 박영선 “고3 수험생, 화이자 우선접종 정부 제안”",2021.03.25.,https://www.seoul.co.kr/news/newsView.php?id=20210325500164&wlog_tag3=naver,박영선 백신
한국경제,"박영선 ""공감능력 없다? 이해 안돼…野, 악의적으로 이간질""",2021.03.25.,https://www.hankyung.com/politics/article/2021032535857,박영선 백신
서울신문,"‘학부모 공략’ 박영선 “고3 수험생, 화이자 우선접종 정부 제안”",2021.03.25.,https://www.seoul.co.kr/news/newsView.php?id=20210325500164&wlog_tag3=naver,박영선 백신
한국경제,"'출정식' 박영선 ""화는 제게 내시라…MB 시즌2 절대 안돼"" [현장+]",2021.03.25.,https://www.hankyung.com/politics/article/2021032515587,박영선 백신
미디어펜,"박영선, 편의점 야간알바부터 골목시장 구석구석",2021.03.25.,http://www.mediapen.com/news/view/612773,박영선 백신
아시아경제,"이낙연 ""박영선은 내곡동에 땅 없다"" 박영선 “'질주 영선', 어떤 길도 피하지...",2021.03.25.,https://view.asiae.co.kr/article/2021032515332226162,박영선 백신
여성신문,"[4·7 현장을 가다] 박영선, 출정식서 '코로나19 종식·돌봄·기후위기' 강조",2021.03.25.,http://www.womennews.co.kr/news/articleView.html?idxno=209546,박영선 백신
아시아경제,"나경원 ""우리 당보고 맨날 '토착왜구'…본인은 도쿄 집"" 박영선 비판",2021.03.30.,https://view.asiae.co.kr/article/2021033007335221632,박영선 백신
에너지경제,"박영선·오세훈, 내곡동·LH로 엇갈린 부동산 토론…오늘 2차전 예정",2021.03.30.,https://www.ekn.kr/web/view.php?key=20210330010005962,박영선 백신
청년일보,"[금일 정치권 주요기사]""비록 패했지만"" 안철수 후보 '새정치 위한 전진' 강조...",2021.03.23.,http://www.youthdaily.co.kr/news/article.html?no=65983,박영선 백신
한스경제,"박영선 ""오세훈, 거짓말로 신뢰잃어…'이명박 시대' 되풀이 안돼""",2021.04.06.,http://www.sporbiz.co.kr/news/articleView.html?idxno=518897,박영선 백신
