키워드,언론사,기사명,날짜,URL
YTN,'백신 사각지대' 아동·청소년 확진 두 달 만에 4배↑...대책은?,2021-09-11,https://www.ytn.co.kr/_ln/0103_202109110434579234,청소년백신부작용
조선일보,청소년 확진 두달새 4배… 전문가 “위드 코로나 천천히 가야”,A12면 1단,https://www.chosun.com/national/welfare-medical/2021/09/10/QCWH64FVVVCRPDKTON7HPMLEXM/?utm_source=naver&utm_medium=referral&utm_campaign=naver-news,청소년백신부작용
하이닥,심낭염? 심근염?...백신 접종 전에 알아두자! 흉부외과 전문의 서동주 과장의...,2021-09-10,http://www.hidoc.co.kr/healthstory/news/C0000633339,청소년백신부작용
YTN사이언스,"[사이언스 취재파일] 소아·청소년, 4분기 접종 시행…전 세계 상황은?",2021-09-10,https://science.ytn.co.kr/program/program_view.php?s_mcd=0082&s_hcd=0032&key=202109091624294085,청소년백신부작용
YTN사이언스,[사이언스 HOT5] 백신 오접종 사고 전국에서 잇따라…9월 둘째 주 과학 이슈,2021-09-10,https://science.ytn.co.kr/program/program_view.php?s_mcd=0082&s_hcd=0034&key=202109101614518730,청소년백신부작용
JTBC,중학생·임신부도 백신 맞는다…언제 어떤 백신 맞나?,2021.08.30.,https://news.jtbc.joins.com/article/article.aspx?news_id=NB12021905,청소년백신부작용
뉴스1,10월부터 12~17세 화이자 접종…백신 부작용 괜찮을까,2021.08.31.,https://www.news1.kr/articles/?4419130,청소년백신부작용
한겨레,소아·청소년 4분기 접종 추진…효과·안전성 논란 가열되나,6면 1단,https://www.hani.co.kr/arti/society/health/1009781.html,청소년백신부작용
의약뉴스,"일진그룹 이상일 회장, 고려대학교의료원 백신 개발에 1억 기부 外",2021-09-10,http://www.newsmp.com/news/articleView.html?idxno=217637,청소년백신부작용
오마이뉴스,중학생 우리 아이 백신 맞아도 될까?,2021.08.31.,http://www.ohmynews.com/NWS_Web/View/at_pg.aspx?CNTN_CD=A0002770822&CMPT_CD=P0010&utm_source=naver&utm_medium=newsearch&utm_campaign=naver_news,청소년백신부작용
파이낸셜뉴스,"10월부터 만 12~17세, 임신부 백신 접종 부작용 없을까?",2021.08.31.,http://www.fnnews.com/news/202108310804553870,청소년백신부작용
YTN,[팩트와이] 12살까지 접종 확대...부작용보다 예방 효과 더 크다?,2021-09-04,https://www.ytn.co.kr/_ln/0103_202109040555450705,청소년백신부작용
국민일보,어린이 코로나 환자만 500만명…“백신 미접종자 대면 치료 안해”,2021-09-08,http://news.kmib.co.kr/article/view.asp?arcid=0016247811&code=61131111&cp=nv,청소년백신부작용
MBN,"'12~17세 접종' 청소년들 우려…교사들 ""접종, 미접종 학생 나뉠 수도""",2021-09-08,http://www.mbn.co.kr/pages/news/newsView.php?news_seq_no=4587217,청소년백신부작용
한국일보,'부작용' vs '사회 전체 이익'... 영국 청소년 백신 접종 갑론을박,3면 1단,https://hankookilbo.com/News/Read/A2021090713300004586?did=NA,청소년백신부작용
서울경제,"""12세 아들에 백신 못 맞춘다"" 소송 낸 아버지···加법원 판단은",2021-09-04,https://www.sedaily.com/NewsView/22RC0PMCED,청소년백신부작용
KBS,[지구촌 IN] 지구촌 등교 재개…아동·청소년 백신 접종 논란,2021-09-07,https://news.kbs.co.kr/news/view.do?ncd=5274044&ref=A,청소년백신부작용
뉴스1,"EMA, 화이자 백신 '다발성염증증후군' 부작용 보고 조사",2021-09-04,https://www.news1.kr/articles/?4424239,청소년백신부작용
KBS,청년은 코로나보다 백신이 더 위험할까? 전문가에게 물었습니다,2021.08.26.,https://news.kbs.co.kr/news/view.do?ncd=5265267&ref=A,청소년백신부작용
쿠키뉴스,"""12~17세 접종, 백신 부작용 괜찮을까요?""",2021.09.01.,http://www.kukinews.com/newsView/kuk202108310206,청소년백신부작용
뉴시스,'6~8인까지 허용' 백신 인센티브…40대 이하 접종 늘까,2021.09.03.,http://www.newsis.com/view/?id=NISX20210903_0001571069&cID=10201&pID=10200,청소년백신부작용
EBS,4분기 중고생 백신 접종‥안전성은?,2021.09.02.,http://news.ebs.co.kr/ebsnews/allView/60098135/N,청소년백신부작용
이데일리,[조성진 박사의 엉뚱한 뇌 이야기] 코로나 백신 부작용의 과학적 실체,2021-09-04,http://www.edaily.co.kr/news/newspath.asp?newsid=01361206629176840,청소년백신부작용
시사IN,"백신접종 전방위 압박, 독일의 새로운 방역정책",2021.09.02.,https://www.sisain.co.kr/news/articleView.html?idxno=45390,청소년백신부작용
뉴스1,"기저질환 12~15세, 화이자 접종후 부작용 3일내 소멸",2021.08.28.,https://www.news1.kr/articles/?4417059,청소년백신부작용
문화일보,2040 백신 접종 5명중 1명 불과,10면 1단,http://www.munhwa.com/news/view.html?no=2021083101071009043001,청소년백신부작용
메디컬투데이,"EMA, 코로나19 백신의 희귀 염증 부작용 조사 예정",2021-09-05,http://www.mdtoday.co.kr/mdtoday/index.html?no=429175,청소년백신부작용
채널A,“아이들 몸무게 키 다 다른데”…백신 접종에 불안한 부모들,2021.08.31.,http://www.ichannela.com/news/main/news_detailPage.do?publishId=000000264394,청소년백신부작용
하이닥,“예약일은 다가오고 불안감은 점점 커지고”…백신 접종 Q&A,2021-09-05,http://www.hidoc.co.kr/healthstory/news/C0000631645,청소년백신부작용
VOA,"미 텍사스, 임신 6주 중절 금지...코로나 백신 접종 증가",2021.09.01.,https://www.voakorea.com/world/america-now/texas-six-week-abortion-ban-takes-effect,청소년백신부작용
MBC,"미, 화이자 백신 내주 전면 승인…모더나 부작용 조사 착수",2021.08.21.,https://imnews.imbc.com/news/2021/world/article/6295095_34880.html,청소년백신부작용
금강일보,'코로나 백신 부작용' 교원 불안감 상승,2021.09.02.,http://www.ggilbo.com/news/articleView.html?idxno=866962,청소년백신부작용
조선일보,12~17세 청소년 화이자 맞을듯,A10면 1단,https://www.chosun.com/national/welfare-medical/2021/09/02/NAMJUZ7ICVCVLPNBLZGR3T34VQ/?utm_source=naver&utm_medium=referral&utm_campaign=naver-news,청소년백신부작용
YTN,"美, 모더나 부작용 조사 착수…""30세 이하 남성 심근염 위험 검토""",2021.09.02.,https://www.ytn.co.kr/_ln/0104_202109021647013108,청소년백신부작용
뉴스1,"AZ잔여백신 접종 3040 확대 논란…""이익 크다"" vs ""오락가락""",2021.08.18.,https://www.news1.kr/articles/?4406532,청소년백신부작용
뉴스1,"12~17세·임신부 백신접종 고심중…""구체적인 임상결과 있어야""",2021.09.01.,https://www.news1.kr/articles/?4420323,청소년백신부작용
에너지경제,"미 CDC ""젊은층 화이자 백신 심근염 부작용, 사망자는 없었다""…청소년 접종 ...",2021.08.31.,https://www.ekn.kr/web/view.php?key=20210831010005150,청소년백신부작용
국민일보,"태아 걱정에 백신 미접종 美 임신부, 코로나 확진 후 사망",2021.08.25.,http://news.kmib.co.kr/article/view.asp?arcid=0016202029&code=61131511&cp=nv,청소년백신부작용
뉴시스,"독일 예방접종위, 12~17세 청소년에도 백신 접종 권고",2021.08.17.,http://www.newsis.com/view/?id=NISX20210817_0001549705&cID=10101&pID=10100,청소년백신부작용
아시아경제,개학 맞은 학교·학원가 코로나 '비상'…아동·청소년 백신은 언제쯤?,2021.08.27.,https://view.asiae.co.kr/article/2021082611264880377,청소년백신부작용
동아사이언스,미FDA 코로나19 백신 정식승인 눈앞…백신 접종 확대 기대감,2021.08.23.,https://www.dongascience.com/news/view/48882,청소년백신부작용
의학신문,"독감 NIP/코로나19 백신 동시 접종, '괜찮을까?'",2021.09.02.,http://www.bosa.co.kr/news/articleView.html?idxno=2157699,청소년백신부작용
이투데이,‘위드코로나’엔 트윈데믹 우려…올해는 코로나·독감 백신 동시 접종,2021.09.01.,https://www.etoday.co.kr/news/view/2058684,청소년백신부작용
농업경제신문,"EMA, 화이자 백신 다계통염증증후군 부작용 조사...mRNA 백신 관련성 아직",2021-09-05,http://www.thekpm.com/view.php?ud=20210905095533828642ef4e12e4_17,청소년백신부작용
MBC,"""영국 12세 이상 곧 백신접종…학교접종 때 부모동의 불필요""",2021.08.26.,https://imnews.imbc.com/news/2021/world/article/6296331_34880.html,청소년백신부작용
이투데이,올해 ‘위드코로나’ 가능할까…“백신수급ㆍ방역수칙 완화 기준 중요”,2021.09.01.,https://www.etoday.co.kr/news/view/2058682,청소년백신부작용
머니투데이,"美정부, 백신 접종완료 후 부스터샷 '8→6개월' 단축추진",2021.08.26.,http://news.mt.co.kr/mtview.php?no=2021082605310999564,청소년백신부작용
뉴스핌,"美 FDA, 화이자 백신 정식 승인..""접종 의무화 확대""",2021.08.24.,http://www.newspim.com/news/view/20210824000002,청소년백신부작용
이데일리,"美, 화이자 백신 정식승인 후…12세 미만 접종 ‘뜨거운 감자’",2021.08.25.,http://www.edaily.co.kr/news/newspath.asp?newsid=02079526629150928,청소년백신부작용
세계일보,백신 접종 시작한 18~49세 알아둬야 할 사항은?,2021.08.26.,http://www.segye.com/content/html/2021/08/26/20210826505872.html?OutUrl=naver,청소년백신부작용
시사저널,"외면받던 AZ 잔여백신, 순식간에 '0'…이유는?",2021.08.19.,http://www.sisajournal.com/news/articleView.html?idxno=223040,청소년백신부작용
조선일보,"화이자 백신 맞은 다음날, 모유 색이 변했다?",2021.08.21.,https://www.chosun.com/national/welfare-medical/2021/08/21/GQBT6T2QIRBSVJ2WGDWBSEZMBY/?utm_source=naver&utm_medium=referral&utm_campaign=naver-news,청소년백신부작용
전라일보,소아·청소년 백신접종 믿음이 먼저다,2021-09-06,http://www.jeollailbo.com/news/articleView.html?idxno=636485,청소년백신부작용
매경헬스,"日, 모더나 백신 용기 고무 파편 유입으로 접종 중단",2021.08.30.,http://www.mkhealth.co.kr/news/articleView.html?idxno=54660,청소년백신부작용
TBS,[외신으로 배우는 영어] 4. 부작용을 겪다,2021.08.17.,http://tbs.seoul.kr/news/newsView.do?typ_800=4&idx_800=3446111&seq_800=20438688,청소년백신부작용
약업신문,"모더나, ‘코로나19 백신 정식승인 신청절차 매듭",2021.08.26.,http://www.yakup.com/news/index.html?mode=view&cat=16&nid=260500,청소년백신부작용
세계일보,"영국, 내달 12세 이상 코로나 백신 접종…보건부 “아직 미결정”",2021.08.27.,http://www.segye.com/content/html/2021/08/27/20210827503608.html?OutUrl=naver,청소년백신부작용
시사위크,"대웅제약, 학교 밖 청소년에 해열진통제 기부",2021.08.26.,http://www.sisaweek.com/news/articleView.html?idxno=146789,청소년백신부작용
한국경제,"정은경 ""백신 부스터샷, 4분기부터 시행""",A33면 1단,https://www.hankyung.com/it/article/2021082618011,청소년백신부작용
메디칼타임즈,소아청소년 백신 접종 돌입…심장 부작용 우려 괜찮을까?,2021.08.18.,http://www.medicaltimes.com/Users/News/NewsView.html?mode=view&ID=1142355&REFERER=NP,청소년백신부작용
매일일보,[코로나19 비상] 추석 전 백신 1차 접종 70% 달성 관건은 '젊은층',2021.08.24.,http://www.m-i.kr/news/articleView.html?idxno=855079,청소년백신부작용
UPI뉴스,'위드 코로나'로 전환하는 백신 선진국…한국은 언제쯤,2021.08.30.,http://www.upinews.kr/newsView/upi202108300115,청소년백신부작용
헬스조선,"수능 때문에 코로나 백신 맞은 고3, 부작용 얼마나 겪었나?",2021.08.15.,https://health.chosun.com/site/data/html_dir/2021/08/13/2021081301270.html,청소년백신부작용
데일리팜,HPV백신 NIP '17세 이하 남아' 적용 필요성 대두,2021.08.28.,http://www.dailypharm.com/Users/News/NewsView.html?ID=279734&REFERER=NP,청소년백신부작용
이데일리,[주목! e기술] 코로나19 백신 긴급사용승인과 정식승인 차이,2021.08.14.,http://www.edaily.co.kr/news/newspath.asp?newsid=01341526629147320,청소년백신부작용
중앙일보,"美 “모더나, 30세 이하 남성 심근염 부작용 가능성"" 조사중",2021.08.20.,https://news.joins.com/article/olink/23726934,청소년백신부작용
인천일보,18∼49세 백신 접종 현재 예약률 64% 목표치 미달 정부 고심,2021.08.22.,http://www.incheonilbo.com/news/articleView.html?idxno=1109474,청소년백신부작용
세계일보,"EMA, ‘다형홍반 등 화이자·모더나 백신과 연관성 검토",2021.08.12.,http://www.segye.com/content/html/2021/08/12/20210812510287.html?OutUrl=naver,청소년백신부작용
메디게이트뉴스,코로나19 백신 맞은 청소년 심근염·심낭염 발생?…10년간 자연발생 꾸준히 증...,2021.08.20.,http://www.medigatenews.com/news/3712852192,청소년백신부작용
아시아경제,"10대 남아, 화이자 백신 심근염 부작용에 취약…""대규모 연구 필요""",2021.08.12.,https://view.asiae.co.kr/article/2021081207260495977,청소년백신부작용
월간암,AZ 백신 접종 후 해열진통제 먹어도 백신 효과 있다,2021.08.31.,http://www.cancerline.co.kr/html/23886.html,청소년백신부작용
SBS Biz,"독일 예방접종위, 12∼17세 청소년 코로나19백신 접종 권고",2021.08.16.,https://biz.sbs.co.kr/article_hub/20000027301?division=NAVER,청소년백신부작용
매일일보,[코로나19 비상] 전세계 '백신 보릿고개' 더 짙어진다,2021.08.24.,http://www.m-i.kr/news/articleView.html?idxno=853332,청소년백신부작용
금강일보,[종합] 화이자 부작용 점점 늘어나..EMA 평가 시작,2021.08.21.,http://www.ggilbo.com/news/articleView.html?idxno=864065,청소년백신부작용
한국정경신문,화이자 전면승인 코앞 VS 모더나 부작용 조사 착수..백신 관련 이슈 들썩,2021.08.22.,http://kpenews.com/View.aspx?No=2009038,청소년백신부작용
동아사이언스,고3 화이자 백신 접종 후 이상반응 다른 연령대와 비슷…어지러움＞두통＞ 메...,2021.08.16.,https://www.dongascience.com/news/view/48740,청소년백신부작용
의협신문,"화이자 백신 접종 후 부작용 호소 환자, 개원가 대처법은? ",2021.08.12.,http://www.doctorsnews.co.kr/news/articleView.html?idxno=140606,청소년백신부작용
금강일보,모더나 부작용 뭐가 있을까?,2021.08.17.,http://www.ggilbo.com/news/articleView.html?idxno=863604,청소년백신부작용
메디칼타임즈,"FDA, 코로나 백신 정식승인…화이자 백신 첫 사례",2021.08.25.,http://www.medicaltimes.com/Users/News/NewsView.html?mode=view&ID=1142520&REFERER=NP,청소년백신부작용
뉴스핌,"[구멍난 방역] ④""마스크 벗고 학교 가고 싶어요""…아이들 백신 접종은 언제?",2021.08.20.,http://www.newspim.com/news/view/20210820000219,청소년백신부작용
연합뉴스TV,"""뉴욕 즐기려면 백신을""…박물관·경기장도 접종 의무화",2021.08.17.,http://www.yonhapnewstv.co.kr/MYH20210817010600038/?did=1825m,청소년백신부작용
약업신문,모더나 ‘코로나19’ 백신 英서 12~17세 접종 승인,2021.08.18.,http://www.yakup.com/news/index.html?mode=view&cat=16&nid=260219,청소년백신부작용
e대한경제,“10월 집단면역” 빨라진 文의 시계… 백신수급ㆍ부작용ㆍ오접종 ‘과제’,2021.08.16.,https://www.dnews.co.kr/uhtml/view.jsp?idxno=202108161325210240209,청소년백신부작용
월간암,AZ 백신 접종 후 해열진통제 먹어도 백신 효과 있어,2021.08.30.,http://www.cancerline.co.kr/html/23837.html,청소년백신부작용
국민일보,"감염 급증, 위중증 속출… 힘받는 ‘소아청소년도 백신’",11면 1단,http://news.kmib.co.kr/article/view.asp?arcid=0924204138&code=11132000&cp=nv,청소년백신부작용
헤럴드경제,한교협 “고3 백신 부작용 대책 마련해야”,2021.07.20.,http://news.heraldcorp.com/view.php?ud=20210720000293,청소년백신부작용
가톨릭평화방송·평화신문,"[열린 인터뷰] 이재갑 ""방역 상황 바뀌었지만 백신 접종률 극대화해야""",2021.08.11.,http://www.cpbc.co.kr/CMS/news/view_body.php?cid=807534&path=202108,청소년백신부작용
UPI뉴스,'위드 코로나' 암초 되나…각국 어린이 감염 급증 '비상',2021-09-10,http://www.upinews.kr/newsView/upi202109100027,청소년백신부작용
세계일보,"“mRNA백신 심근염 부작용, 대부분 1∼2주 내 치유” [코로나 예방접종 안전 ...",A11면 1단,http://www.segye.com/content/html/2021/07/05/20210705513873.html?OutUrl=naver,청소년백신부작용
메디게이트뉴스,쿠바·이란·대만·인도 등 자체 개발 코로나19 백신 임상 3상 돌입 동시에 배...,2021.08.20.,http://www.medigatenews.com/news/1545902678,청소년백신부작용
Queen,"화이자 접종한 청소년 '심낭염·심근염' 부작용 … 전문가 ""저절로 낫는 병""",2021.07.05.,http://www.queen.co.kr/news/articleView.html?idxno=363459,청소년백신부작용
퍼블릭뉴스,"[빅테크 풍향계] 모더나?화이자 백신, 청소년에게 과연 안전한가?",2021.07.05.,http://psnews.co.kr/View.aspx?No=1846689,청소년백신부작용
머니S,"'청소년, 화이자 백신 맞고 심장 염증' 美 보고… 국내 전문가 ""저절로 낫는다...",2021.07.06.,http://moneys.mt.co.kr/news/mwView.php?no=2021070517458087579,청소년백신부작용
메디컬투데이,"미 FDA, 화이자&모데나 백신 심근염 부작용 조사 착수",2021.06.25.,http://www.mdtoday.co.kr/mdtoday/index.html?no=423427,청소년백신부작용
펜앤드마이크,"[기고/이은혜 순천향 의대 교수] 코로나19 백신접종, 이것이 최선인가?",2021.08.20.,http://www.pennmike.com/news/articleView.html?idxno=46965,청소년백신부작용
YTN,"이틀째 천8백 명대 확진...추석 연휴, 확산 고비",2021-09-11,https://www.ytn.co.kr/_ln/0103_202109111029382885,청소년백신부작용
핀포인트뉴스,코로나 백신외에 치료제 구축 시급하지만... 올해 초 스푸트니크V 도입 검토이...,2021.08.19.,http://www.pinpointnews.co.kr/view.php?ud=202108191146215841861beb2d9d_45,청소년백신부작용
메디파나뉴스,시작된 '고3' 백신접종… '안전성' 두고 의료계 갑론을박,2021.07.20.,http://medipana.com/news/news_viewer.asp?NewsNum=280546&MainKind=A&NewsKind=5&vCount=12&vKind=1,청소년백신부작용
에너지경제,"의료인 연합 ""고등학교 3학년 학생의 백신 접종 재검토"" 성명 발표",2021.07.10.,https://www.ekn.kr/web/view.php?key=20210710001132484,청소년백신부작용
아시아타임즈,삼바서 위탁생산하는 모더나 백신…청소년도 효과 확인,2021.05.26.,https://www.asiatime.co.kr/article/20210526500141,청소년백신부작용
한국정경신문,화이자 전면승인 코앞 VS 모더나 부작용 조사 착수..백신 관련 이슈 들썩,2021.08.22.,http://kpenews.com/View.aspx?No=2009038,청소년백신부작용
동아사이언스,고3 화이자 백신 접종 후 이상반응 다른 연령대와 비슷…어지러움＞두통＞ 메...,2021.08.16.,https://www.dongascience.com/news/view/48740,청소년백신부작용
의협신문,"화이자 백신 접종 후 부작용 호소 환자, 개원가 대처법은? ",2021.08.12.,http://www.doctorsnews.co.kr/news/articleView.html?idxno=140606,청소년백신부작용
금강일보,모더나 부작용 뭐가 있을까?,2021.08.17.,http://www.ggilbo.com/news/articleView.html?idxno=863604,청소년백신부작용
메디칼타임즈,"FDA, 코로나 백신 정식승인…화이자 백신 첫 사례",2021.08.25.,http://www.medicaltimes.com/Users/News/NewsView.html?mode=view&ID=1142520&REFERER=NP,청소년백신부작용
뉴스핌,"[구멍난 방역] ④""마스크 벗고 학교 가고 싶어요""…아이들 백신 접종은 언제?",2021.08.20.,http://www.newspim.com/news/view/20210820000219,청소년백신부작용
연합뉴스TV,"""뉴욕 즐기려면 백신을""…박물관·경기장도 접종 의무화",2021.08.17.,http://www.yonhapnewstv.co.kr/MYH20210817010600038/?did=1825m,청소년백신부작용
약업신문,모더나 ‘코로나19’ 백신 英서 12~17세 접종 승인,2021.08.18.,http://www.yakup.com/news/index.html?mode=view&cat=16&nid=260219,청소년백신부작용
e대한경제,“10월 집단면역” 빨라진 文의 시계… 백신수급ㆍ부작용ㆍ오접종 ‘과제’,2021.08.16.,https://www.dnews.co.kr/uhtml/view.jsp?idxno=202108161325210240209,청소년백신부작용
월간암,AZ 백신 접종 후 해열진통제 먹어도 백신 효과 있어,2021.08.30.,http://www.cancerline.co.kr/html/23837.html,청소년백신부작용
국민일보,"감염 급증, 위중증 속출… 힘받는 ‘소아청소년도 백신’",11면 1단,http://news.kmib.co.kr/article/view.asp?arcid=0924204138&code=11132000&cp=nv,청소년백신부작용
헤럴드경제,한교협 “고3 백신 부작용 대책 마련해야”,2021.07.20.,http://news.heraldcorp.com/view.php?ud=20210720000293,청소년백신부작용
가톨릭평화방송·평화신문,"[열린 인터뷰] 이재갑 ""방역 상황 바뀌었지만 백신 접종률 극대화해야""",2021.08.11.,http://www.cpbc.co.kr/CMS/news/view_body.php?cid=807534&path=202108,청소년백신부작용
UPI뉴스,'위드 코로나' 암초 되나…각국 어린이 감염 급증 '비상',2021-09-10,http://www.upinews.kr/newsView/upi202109100027,청소년백신부작용
세계일보,"“mRNA백신 심근염 부작용, 대부분 1∼2주 내 치유” [코로나 예방접종 안전 ...",A11면 1단,http://www.segye.com/content/html/2021/07/05/20210705513873.html?OutUrl=naver,청소년백신부작용
메디게이트뉴스,쿠바·이란·대만·인도 등 자체 개발 코로나19 백신 임상 3상 돌입 동시에 배...,2021.08.20.,http://www.medigatenews.com/news/1545902678,청소년백신부작용
Queen,"화이자 접종한 청소년 '심낭염·심근염' 부작용 … 전문가 ""저절로 낫는 병""",2021.07.05.,http://www.queen.co.kr/news/articleView.html?idxno=363459,청소년백신부작용
퍼블릭뉴스,"[빅테크 풍향계] 모더나?화이자 백신, 청소년에게 과연 안전한가?",2021.07.05.,http://psnews.co.kr/View.aspx?No=1846689,청소년백신부작용
머니S,"'청소년, 화이자 백신 맞고 심장 염증' 美 보고… 국내 전문가 ""저절로 낫는다...",2021.07.06.,http://moneys.mt.co.kr/news/mwView.php?no=2021070517458087579,청소년백신부작용
메디컬투데이,"미 FDA, 화이자&모데나 백신 심근염 부작용 조사 착수",2021.06.25.,http://www.mdtoday.co.kr/mdtoday/index.html?no=423427,청소년백신부작용
펜앤드마이크,"[기고/이은혜 순천향 의대 교수] 코로나19 백신접종, 이것이 최선인가?",2021.08.20.,http://www.pennmike.com/news/articleView.html?idxno=46965,청소년백신부작용
YTN,"이틀째 천8백 명대 확진...추석 연휴, 확산 고비",2021-09-11,https://www.ytn.co.kr/_ln/0103_202109111029382885,청소년백신부작용
핀포인트뉴스,코로나 백신외에 치료제 구축 시급하지만... 올해 초 스푸트니크V 도입 검토이...,2021.08.19.,http://www.pinpointnews.co.kr/view.php?ud=202108191146215841861beb2d9d_45,청소년백신부작용
헤럴드경제,해외선 10대 백신접종 신중…한교협 “고3 접종 모니터링 대책 세우라”,23면 1단,http://news.heraldcorp.com/view.php?ud=20210720000611,청소년백신부작용
메디파나뉴스,시작된 '고3' 백신접종… '안전성' 두고 의료계 갑론을박,2021.07.20.,http://medipana.com/news/news_viewer.asp?NewsNum=280546&MainKind=A&NewsKind=5&vCount=12&vKind=1,청소년백신부작용
에너지경제,"의료인 연합 ""고등학교 3학년 학생의 백신 접종 재검토"" 성명 발표",2021.07.10.,https://www.ekn.kr/web/view.php?key=20210710001132484,청소년백신부작용
아시아타임즈,삼바서 위탁생산하는 모더나 백신…청소년도 효과 확인,2021.05.26.,https://www.asiatime.co.kr/article/20210526500141,청소년백신부작용
뉴시스,"19일부터 고3 백신 접종…""무기한 연기해야"" 靑국민청원",2021.07.11.,http://www.newsis.com/view/?id=NISX20210711_0001508365&cID=10201&pID=10200,청소년백신부작용
뉴스1,"화이자 부작용 심낭염·심근염 우려에…전문가 ""저절로 좋아져""",2021.07.05.,https://www.news1.kr/articles/?4361287,청소년백신부작용
메디게이트뉴스,"화이자 코로나19 백신, 만 12~15세 청소년에서 100% 예방률",2021.05.29.,http://www.medigatenews.com/news/1682439380,청소년백신부작용
메디게이트뉴스,"화이자 코로나19 백신, 만 12~15세 청소년에서 100% 예방률",2021.05.29.,http://www.medigatenews.com/news/1682439380,청소년백신부작용
서울경제,"이스라엘 보건부 ""어린이·청소년에 화이자 백신 접종···심각한 부작용 없...",2021.03.11.,https://www.sedaily.com/NewsView/22JRLO7699,청소년백신부작용
EBS,<글로벌 pick> 英 코로나 재확산..16세 미만 청소년 접종 '희망',2021.07.06.,http://news.ebs.co.kr/ebsnews/allView/60074014/N,청소년백신부작용
서울신문,"美 12∼15세, 화이자 백신 맞는다… 국내 청소년에도 접종 길 열리나",5면 1단,https://www.seoul.co.kr/news/newsView.php?id=20210512005018&wlog_tag3=naver,청소년백신부작용
한국경제,"""환절기 감기와 비슷…48시간 내 사망할 수도"" 의사들 경고 [이선아 기자의 생...",A17면 1단,https://www.hankyung.com/society/article/2021091075861,청소년백신부작용
뉴스톱,[팩트체크] 코로나는 감기? 서울대 명예교수의 백신 허위정보,2021.08.18.,https://www.newstof.com/news/articleView.html?idxno=12098,청소년백신부작용
팜뉴스,화이자 백신 30세 이하 남성 심근염 연관성 제기,2021.06.03.,http://www.pharmnews.com/news/articleView.html?idxno=104890,청소년백신부작용
메디게이트뉴스,"화이자·모더나 백신 부작용으로 심근염·심낭염 호소하는 환자들, 어떻게 진...",2021.08.12.,http://www.medigatenews.com/news/1493640146,청소년백신부작용
스카이데일리,소청과 의사회 “AZ백신 연장자에게 접종해야”,2021.03.18.,http://www.skyedaily.com/news/news_view.html?ID=126226,청소년백신부작용
아시아경제,[광장]어젯밤 안녕히 잘 주무셨습니까?,31면 TOP,https://view.asiae.co.kr/article/2021090809121146940,청소년백신부작용
메디게이트뉴스,"화이자·모더나 백신 부작용으로 심근염·심낭염 호소하는 환자들, 어떻게 진...",2021.08.12.,http://www.medigatenews.com/news/1493640146,청소년백신부작용
스카이데일리,소청과 의사회 “AZ백신 연장자에게 접종해야”,2021.03.18.,http://www.skyedaily.com/news/news_view.html?ID=126226,청소년백신부작용
아시아경제,[광장]어젯밤 안녕히 잘 주무셨습니까?,31면 TOP,https://view.asiae.co.kr/article/2021090809121146940,청소년백신부작용
YTN,[뉴있저] 접종 앞두고 불안감 조장하는 허위정보...다른 나라 부작용 사례는?,2021.02.22.,https://www.ytn.co.kr/_ln/0104_202102221934249374,청소년백신부작용
세계일보,AZ백신 국내 첫 출하…정세균 “일상 회복 씨앗”,A11면 1단,http://www.segye.com/content/html/2021/02/24/20210224516082.html?OutUrl=naver,청소년백신부작용
SBS,임신부 접종 안전한가? 추가 접종은 왜 6개월 뒤?,2021.08.30.,https://news.sbs.co.kr/news/endPage.do?news_id=N1006447848&plink=ORI&cooper=NAVER,청소년백신부작용
톱스타뉴스,코로나19 백신 화이자-모더나 부작용 '심근염-심낭염' 증상 주의…예방법은 '...,2021.08.10.,http://www.topstarnews.net/news/articleView.html?idxno=14620005,청소년백신부작용
KBS,인플루엔자 백신 맞은 10대 이틀만에 사망…“회수 조치된 백신 맞은건 아냐”,2020.10.19.,http://news.kbs.co.kr/news/view.do?ncd=5028635&ref=A,청소년백신부작용
아주경제,[종합] 50대 시작으로 하반기 백신접종 속도전···“공급 차질·부작용 우려...,2021.07.26.,http://www.ajunews.com/view/20210726151811909,청소년백신부작용
한국경제TV,"'12∼15세' 20만명 화이자 백신 접종...""중대 부작용 없다""",2021.07.30.,http://www.wowtv.co.kr/NewsCenter/News/Read?articleId=A202107300284&t=NN,청소년백신부작용
금강일보,"[Q&A] 코로나19 예방접종, 안전한가요?...백신별 부작용부터 피해보상·각종논...",2021.07.14.,http://www.ggilbo.com/news/articleView.html?idxno=858483,청소년백신부작용
파이낸셜뉴스,"EU 백신 당국, 美 모더나 백신도 청소년 접종 권고",2021.07.24.,http://www.fnnews.com/news/202107240010530644,청소년백신부작용
TBS,"독감 백신 맞은 10대 사망...""원인 조사 중""",2020.10.19.,http://www.tbs.seoul.kr/news/bunya.do?method=daum_html2&typ_800=6&idx_800=3408831&seq_800=20401408,청소년백신부작용
서울경제,"""부작용 걱정되지만 백신 맞았으니 열심히 수능 공부해야죠""",27면 3단,https://www.sedaily.com/NewsView/22OZI36PH5,청소년백신부작용
머니투데이,"""사관학교 시험 전날 백신 맞는데, 부작용 괜찮나요?""",2021.07.20.,http://news.mt.co.kr/mtview.php?no=2021071916294251540,청소년백신부작용
메디컬투데이,"EMA, 청소년 대상 모더나 백신 접종 승인",2021.07.25.,http://www.mdtoday.co.kr/mdtoday/index.html?no=425875,청소년백신부작용
후생신보,청소년 백신접종 심근염 우려? 코로나 걸리면 더 위험,2021.07.28.,http://www.whosaeng.com/129002,청소년백신부작용
금강일보,"모더나 백신 부작용 주의 ""심근염,심낭염,코피드 팔"" 발생 가능성 有",2021.07.12.,http://www.ggilbo.com/news/articleView.html?idxno=857922,청소년백신부작용
대구신문,어린이·청소년으로 투여 연령 확대하는 코로나19 백신 제약사들…국내 접종 ...,2021.07.29.,http://www.idaegu.co.kr/news/articleView.html?idxno=354021,청소년백신부작용
UPI뉴스,"""효용성 작고 부작용 우려되는 고등학생 백신 접종 중단하라""",2021.07.10.,http://www.upinews.kr/newsView/upi202107100002,청소년백신부작용
초이스경제,"모더나 코로나19 백신, EU 청소년 대상으로 승인",2021.07.24.,http://www.choicenews.co.kr/news/articleView.html?idxno=83452,청소년백신부작용
글로벌이코노믹,"유럽의약품청, 모더나제 백신 12~17세 청소년 접종 승인 권고",2021.07.24.,http://www.g-enews.com/ko-kr/news/article/news_all/202107240526015167b5d048c6f3_1/article.html,청소년백신부작용
글로벌경제,[건강]AZ 백신 접종 후 부작용에 해열진통제 복용..백신 효과와 무관,2021.07.20.,http://www.getnews.co.kr/news/articleView.html?idxno=540831,청소년백신부작용
충청투데이,백신 맞은 고3 청소년들 주의 당부,2021.07.28.,https://www.cctoday.co.kr/news/articleView.html?idxno=2146879,청소년백신부작용
YTN사이언스,[사이언스 취재파일] 소아·청소년 백신 접종 논의 활발…국내는?,2021.07.22.,https://science.ytn.co.kr/program/program_view.php?s_mcd=0082&s_hcd=0032&key=202107221621224701,청소년백신부작용
동아사이언스,16세 미만 청소년 코로나19 백신 맞아야 하나,2021.07.21.,https://www.dongascience.com/news/view/48145,청소년백신부작용
디지틀조선일보,"의료인 연합, 고3 ‘화이자 백신’ 접종 무기한 연기 청원…청소년 백신 안전...",2021.07.10.,http://digitalchosun.dizzo.com/site/data/html_dir/2021/07/10/2021071080022.html,청소년백신부작용
뉴스1,"포르투갈, 12~15세 대상 모더나·화이자 백신접종 권고",2021.08.10.,https://www.news1.kr/articles/?4399846,청소년백신부작용
동아사이언스,"[Q&A] 3분기 백신 접종 ""고3 mRNA 백신 맞아도 부작용 없을까?""",2021.07.05.,http://www.dongascience.com/news/view/47713,청소년백신부작용
약업신문,모더나 코로나 백신 스위스 12~17세 접종 승인,2021.08.10.,http://www.yakup.com/news/index.html?mode=view&cat=16&nid=259936,청소년백신부작용
데일리팜,"화이자·모더나 백신, 정식 승인되면 뭐가 달라질까",2021.08.10.,http://www.dailypharm.com/Users/News/NewsView.html?ID=279178&REFERER=NP,청소년백신부작용
프레시안,"'코로나 공존' 방역, 그 기대와 우려",2021-09-07,https://www.pressian.com/pages/articles/2021090617285990215?utm_source=naver&utm_medium=search,청소년백신부작용
매일안전신문,50대 이상 모더나 백신 26일 접종 시작... 예상 부작용은,2021.07.01.,http://www.idsn.co.kr/news/articleView.html?idxno=49824,청소년백신부작용
의약뉴스,"유럽의약청, 화이자ㆍ모더나 백신 심장염 부작용 경고",2021.07.10.,http://www.newsmp.com/news/articleView.html?idxno=216292,청소년백신부작용
쿠키뉴스,‘만18~49세’ 사전예약 본인인증 1번만…‘부작용’ 알아두기,2021.08.07.,http://www.kukinews.com/newsView/kuk202108060129,청소년백신부작용
메디파나뉴스,"코로나19 백신 '정식 승인', 긴급사용승인과 무엇이 다르나",2021.08.11.,http://medipana.com/news/news_viewer.asp?NewsNum=282546&MainKind=A&NewsKind=5&vCount=12&vKind=1,청소년백신부작용
KBS,다음 주 청소년 백신 접종 시작…화이자 접종은 만 12살부터,2021.07.16.,https://news.kbs.co.kr/news/view.do?ncd=5235370&ref=A,청소년백신부작용
머니투데이,"모더나 백신 8월 물량 반토막...""제 차례도 미뤄지나요?""",2021.08.09.,http://news.mt.co.kr/mtview.php?no=2021080916585247909,청소년백신부작용
톱스타뉴스,"모더나, 화이자 백신보다 델타 바이러스에 효과적?…실험 결과 보니",2021.08.11.,http://www.topstarnews.net/news/articleView.html?idxno=14620614,청소년백신부작용
세계일보,"英, 16~17세에 코로나 백신접종 곧 실시…“접종연령 확대 검토도”",2021.08.05.,http://www.segye.com/content/html/2021/08/05/20210805505327.html?OutUrl=naver,청소년백신부작용
의약뉴스,"의협, 코로나19 백신 부작용 관련 법안에 ""신중해야""",2021.06.25.,http://www.newsmp.com/news/articleView.html?idxno=215910,청소년백신부작용
에너지경제,영국 16~17세 대상 백신 접종 시작…연령 더 낮추는 방안도 검토,2021.08.05.,https://www.ekn.kr/web/view.php?key=20210805010000803,청소년백신부작용
비즈니스워치,"""화이자·모더나 백신도""…美 FDA '정식승인'은 아직",2021.08.10.,http://news.bizwatch.co.kr/article/industry/2021/08/10/0019,청소년백신부작용
핀포인트뉴스,mRNA 백신 부작용 심장 근육에 염증이... 한미약품 에스티팜 아이진 서린바이...,2021.07.02.,http://www.pinpointnews.co.kr/view.php?ud=202107020652548210861beb2d9d_45,청소년백신부작용
뉴스1,'격리 학생' 한달새 최대 4.9배 급증…등교확대 후 확산세,2021-09-09,https://www.news1.kr/articles/?4428320,청소년백신부작용
이데일리,‘아랫돌 빼서 윗돌 괴나?’…중장기적 백신 수급계획 재검토 필요,2021.08.09.,http://www.edaily.co.kr/news/newspath.asp?newsid=04011446629145680,청소년백신부작용
광주매일신문,[고3 청소년 첫 백신접종 현장]“이제 마음 편안하게 수능 준비할 수 있게 됐...,2021.07.19.,http://www.kjdaily.com/article.php?aid=1626694038551697005,청소년백신부작용
월간마이더스,코로나19 백신 접종 Q&A,2021.08.05.,http://www.yonhapmidas.com/article/210805184143_974221,청소년백신부작용
아시아타임즈,"""코로나 백신, 교차접종·면역질환자·청소년 큰 문제 없어""",2021.07.05.,https://www.asiatime.co.kr/article/20210705500284,청소년백신부작용
한국정경신문,"러시아 백신 관련주 ""스푸트니크V 청소년 임상"" 이트론 이아이디 이수앱지스",2021.07.06.,http://kpenews.com/View.aspx?No=1847470,청소년백신부작용
SBS,"러시아, 스푸트니크V 백신 청소년 임상시험 시작",2021.07.05.,https://news.sbs.co.kr/news/endPage.do?news_id=N1006380722&plink=ORI&cooper=NAVER,청소년백신부작용
YTN사이언스,[다시보기] 9월 9일 (목) 오후 사이언스 투데이,2021-09-10,https://science.ytn.co.kr/program/program_view.php?s_mcd=0082&s_hcd=0023&key=202109091630522980,청소년백신부작용
YTN,"[뉴있저] ""2025년 글로벌 백신 강국 도약""...백신 수급 전망은?",2021.08.05.,https://www.ytn.co.kr/_ln/0103_202108052001081739,청소년백신부작용
연합뉴스TV,"美FDA ""화이자-모더나 백신 심장질환 부작용 가능성"" 경고",2021.06.24.,http://www.yonhapnewstv.co.kr/MYH20210624007100641/?did=1825m,청소년백신부작용
의사신문,[오늘의 인사 및 동정] 9월 10일,2021-09-10,http://www.doctorstimes.com/news/articleView.html?idxno=216218,청소년백신부작용
뉴스토마토,"(헬스잡학사전)코로나 백신 접종자, 치과 치료 신중하게",2021.08.04.,http://www.newstomato.com/ReadNews.aspx?no=1064237&inflow=N,청소년백신부작용
EBS,‘청소년 백신 접종’ 속도 내는 싱가포르…상황은?,2021.06.23.,http://news.ebs.co.kr/ebsnews/allView/60063486/N,청소년백신부작용
메디게이트뉴스,AZ 백신 때 아닌 고령층 접종 중단 논란… 새로운 부작용도 보고,2021.06.15.,http://www.medigatenews.com/news/2528261341,청소년백신부작용
YTN,日 신규 확진자 만4천여 명 '최다'...英 16~17세 곧 백신 접종,2021.08.05.,https://www.ytn.co.kr/_ln/0104_202108050843286198,청소년백신부작용
연합뉴스TV,"영국 16∼17세 코로나19 백신접종 곧 시작…""연령 확대 검토""",2021.08.05.,http://www.yonhapnewstv.co.kr/MYH20210805003100038/?did=1825m,청소년백신부작용
YTN,日 신규 확진자 만4천여 명 '최다'...英 16~17세 곧 백신 접종,2021.08.05.,https://www.ytn.co.kr/_ln/0104_202108050843286198,청소년백신부작용
연합뉴스TV,"영국 16∼17세 코로나19 백신접종 곧 시작…""연령 확대 검토""",2021.08.05.,http://www.yonhapnewstv.co.kr/MYH20210805003100038/?did=1825m,청소년백신부작용
뉴스톱,[분석] '화이자 부작용' 심근염은 무엇인가?,2021.07.28.,https://www.newstof.com/news/articleView.html?idxno=12056,청소년백신부작용
약업신문,모더나 코로나 백신 EU 10代 연령대 승인지지,2021.07.26.,http://www.yakup.com/news/index.html?mode=view&cat=16&nid=259458,청소년백신부작용
아시아타임즈,"시노백 백신 2번 맞은 인니 남성, 코로나19 확진 후 사망",2021.07.31.,https://www.asiatime.co.kr/article/20210731500039,청소년백신부작용
약업신문,모더나 코로나 백신 스위스서 청소년用 허가신청,2021.06.15.,http://www.yakup.com/news/index.html?mode=view&cat=16&nid=258242,청소년백신부작용
아주경제,[코로나19] 백신접종 보릿고개…“우리 아이들은 언제 맞을 수 있나”,2021.07.29.,http://www.ajunews.com/view/20210729132752082,청소년백신부작용
세계일보,"NYT “적당한 음주로 백신 면역반응 손상안돼"".. 남성 하루 2잔 이하·여성 1...",2021.07.30.,http://www.segye.com/content/html/2021/07/30/20210730511949.html?OutUrl=naver,청소년백신부작용
뉴스1,"18~49세, 내달 26일 접종 시작…집단면역 성공 백신 수급에 달려",2021.07.31.,https://www.news1.kr/articles/?4389420,청소년백신부작용
아주경제,[중국 마이종목] 신화통신 성장호르몬 부작용 지적에...창춘가오신 주가 하한...,2021.08.05.,http://www.ajunews.com/view/20210805110443834,청소년백신부작용
아주경제,[중국 마이종목] 신화통신 성장호르몬 부작용 지적에...창춘가오신 주가 하한...,2021.08.05.,http://www.ajunews.com/view/20210805110443834,청소년백신부작용
서울경제,"""12~15세 화이자 접종 후 중대 부작용 없어""···이스라엘, 접종자 20만명 분...",2021.07.31.,https://www.sedaily.com/NewsView/22P4JSCSP2,청소년백신부작용
MBN,"임신부, 코로나19 백신 맞아도 될까…""전문가와 협의중""",2021.07.30.,http://mbn.mk.co.kr/pages/news/newsView.php?category=mbn00009&news_seq_no=4563173,청소년백신부작용
팜뉴스,"식약처,mRNA 코로나 백신 부작용 관련 '안전성 정보' 발령",2021.06.25.,http://www.pharmnews.com/news/articleView.html?idxno=105360,청소년백신부작용
매경헬스,[코로나19 백신 A to Z] ③ 화이자 백신,2021.07.30.,http://www.mkhealth.co.kr/news/articleView.html?idxno=54166,청소년백신부작용
YTN,"브라질, 신규 확진 10만 명대로 급증...모더나 백신 12∼17세 접종 권고",2021.07.24.,https://www.ytn.co.kr/_ln/0104_202107241422366713,청소년백신부작용
라이센스뉴스,"美 화이자·모더나, '5세~11세' 백신접종 연구 규모 확대",2021.07.27.,http://www.lcnews.co.kr/news/articleView.html?idxno=21822,청소년백신부작용
뉴데일리,임신부도 백신 접종 가능성↑… 당국 “산부인과학회와 협의 중”,2021.07.29.,http://biz.newdaily.co.kr/site/data/html/2021/07/29/2021072900180.html,청소년백신부작용
뉴제주일보,"""백신 맞으니 한숨 놓여요""...제주 고3 '백신 무장' 순조",2021.07.19.,http://www.jejuilbo.net/news/articleView.html?idxno=167054,청소년백신부작용
세계일보,8~9월 백신 접종계획 발표…11월 내 '집단면역' 형성 머지 않았다,2021.07.31.,http://www.segye.com/content/html/2021/07/31/20210731502879.html?OutUrl=naver,청소년백신부작용
세계일보,8~9월 백신 접종계획 발표…11월 내 '집단면역' 형성 머지 않았다,2021.07.31.,http://www.segye.com/content/html/2021/07/31/20210731502879.html?OutUrl=naver,청소년백신부작용
KBS,화이자·모더나 접종 본격화…부작용 괜찮을까?,2021.07.20.,https://news.kbs.co.kr/news/view.do?ncd=5237587&ref=A,청소년백신부작용
EBS,청소년 백신 접종 해야 하나…고민에 빠진 스웨덴,2021.06.17.,http://news.ebs.co.kr/ebsnews/allView/60060332/N,청소년백신부작용
뉴스톱,[코로나 백신분석] ③모더나 '특징-효과-부작용' 총정리,2021.06.02.,http://www.newstof.com/news/articleView.html?idxno=11932,청소년백신부작용
시사뉴스,"유럽의약청, 모더나 백신 12~17세 접종 승인....기존 18세 이상만 허용",2021.07.24.,https://www.sisa-news.com/news/article.html?no=165614,청소년백신부작용
뉴시스,"유럽의약청, 모더나 백신 12~17세 접종 승인",2021.07.23.,http://www.newsis.com/view/?id=NISX20210723_0001524675&cID=10101&pID=10100,청소년백신부작용
약업신문,"모더나, 코로나 백신 EUㆍ加서 청소년用 허가신청",2021.06.08.,http://www.yakup.com/news/index.html?mode=view&cat=16&nid=258010,청소년백신부작용
농업경제신문,"EMA, 모더나 백신 10대 사용 승인...1회접종 델타변이 72% 효과?",2021.07.25.,http://www.thekpm.com/view.php?ud=202107250741053712931afa4cb1_17,청소년백신부작용
한국경제TV,"모더나, 美 FDA에 코로나 백신 청소년 긴급사용 신청",2021.06.11.,http://www.wowtv.co.kr/NewsCenter/News/Read?articleId=A202106110018&t=NN,청소년백신부작용
채널A,"[팩트맨]소아·청소년 백신 접종은?…각국 현황, 임상 결과 따져보니",2021.06.10.,http://www.ichannela.com/news/main/news_detailPage.do?publishId=000000253608,청소년백신부작용
미주중앙일보,"모더나, FDA에 코로나 백신 청소년 긴급사용 신청",2021.06.11.,http://www.koreadaily.com/news/read.asp?art_id=9437112,청소년백신부작용
채널A,"[팩트맨]소아·청소년 백신 접종은?…각국 현황, 임상 결과 따져보니",2021.06.10.,http://www.ichannela.com/news/main/news_detailPage.do?publishId=000000253608,청소년백신부작용
문화일보,국내 임신부도 코로나19 백신 접종할까,2021.07.29.,http://www.munhwa.com/news/view.html?no=20210729MW165103497222,청소년백신부작용
약업신문,“신종 감염병 백신 플랫폼 구축위한 정책 결정부터 이뤄져야”,2021.07.29.,http://www.yakup.com/news/index.html?mode=view&cat=14&nid=259640,청소년백신부작용
후생신보,"코로나19 백신 접종기관, 치과·한방병원 포함 안된다",2021.07.29.,http://www.whosaeng.com/129017,청소년백신부작용
의약뉴스,"의협, 코로나 백신 부작용 국가 입증 개정안 의문표",2021.06.04.,http://www.newsmp.com/news/articleView.html?idxno=215341,청소년백신부작용
이투데이,"올해 안 전 국민 접종 가나…“임신부, 소아청소년은 상황 주시”",2021.07.30.,https://www.etoday.co.kr/news/view/2049594,청소년백신부작용
중앙일보,“학교 정상화 위해 필요” “부작용 생기면 어쩌나”…고3 백신 접종 논란,A12면 1단,https://news.joins.com/article/olink/23668775,청소년백신부작용
동아사이언스,"임신부 코로나19 백신 언제 맞나...미영 접종 착수 불구 방역당국 ""안전성 근...",2021.07.22.,https://www.dongascience.com/news/view/48144,청소년백신부작용
대구신문,백신으로 힐링할 수 있는 날은,2021.07.25.,http://www.idaegu.co.kr/news/articleView.html?idxno=353496,청소년백신부작용
동아사이언스,"임신부 코로나19 백신 언제 맞나...미영 접종 착수 불구 방역당국 ""안전성 근...",2021.07.22.,https://www.dongascience.com/news/view/48144,청소년백신부작용
대구신문,백신으로 힐링할 수 있는 날은,2021.07.25.,http://www.idaegu.co.kr/news/articleView.html?idxno=353496,청소년백신부작용
노컷뉴스,다음주 월요일부터 55~59세 백신접종 시작…예약률 84.2%,2021.07.23.,https://www.nocutnews.co.kr/news/5594408,청소년백신부작용
이데일리,"조관구 큐라티스 대표 “차세대 mRNA 코로나 백신, 2023년 상용화 목표”",2021.07.26.,http://www.edaily.co.kr/news/newspath.asp?newsid=02624006629118456,청소년백신부작용
중앙일보,백신 접종하고 며칠 금주하나요...모더나 접종 앞둔 당신이 알아둘 것[뉴스원...,2021.07.25.,https://news.joins.com/article/olink/23707699,청소년백신부작용
뉴시스,"""12~17세 접종, 안전성·유효성 확인…감염 위험이 더 커""",2021.08.31.,http://www.newsis.com/view/?id=NISX20210831_0001566808&cID=10201&pID=10200,청소년백신부작용
한겨레,“백신 맞으니 수능 더 집중할 수 있겠어요” 오늘 고3 첫 접종,6면 1단,https://www.hani.co.kr/arti/society/schooling/1004111.html,청소년백신부작용
쿠키뉴스,"""고3 접종, 별 탈 없기를""... 학부모들 '코로나 백신 기도'",2021.07.19.,http://www.kukinews.com/newsView/kuk202107190192,청소년백신부작용
경인일보,"""수능 앞두고 불안감 사라져""… 화이자 백신 접종 시작한 고3·교직원",2021.07.19.,http://www.kyeongin.com/main/view.php?key=20210719010003429,청소년백신부작용
SBS,"모더나, 미 FDA에 코로나 백신 청소년 긴급사용 신청",2021.06.11.,https://news.sbs.co.kr/news/endPage.do?news_id=N1006351426&plink=ORI&cooper=NAVER,청소년백신부작용
더퍼블릭,"모더나, FDA에 청소년 백신접종 요청…집단면역 형성 기대감↑",2021.06.12.,http://thepublic.kr/news/newsview.php?ncode=1065589233234572,청소년백신부작용
데일리안,"""입시준비로 서울 왔다 접종하러 다시 지방 갑니다""…주먹구구 고3 백신접종 ...",2021.07.22.,https://www.dailian.co.kr/news/view/1013644/?sc=Naver,청소년백신부작용
의약뉴스,"코로나19 백신 부작용, 효능과 무관 外",2021.05.28.,http://www.newsmp.com/news/articleView.html?idxno=215154,청소년백신부작용
뉴스핌,"고3·교직원 1차 접종 81%…""부작용 여부는 확인 중""",2021.07.26.,http://www.newspim.com/news/view/20210726000582,청소년백신부작용
청년의사,수능 앞둔 고3 코로나19 백신접종 두고 전문가들 '갑론을박',2021.07.13.,http://www.docdocdoc.co.kr/news/articleView.html?idxno=2012496,청소년백신부작용
한국경제,"유럽의약품청, 모더나 백신 12~17세 접종 승인 권고",2021.07.23.,https://www.hankyung.com/international/article/202107234788i,청소년백신부작용
메디컬투데이,mRNA 백신 이상반응 ‘심근·심낭염’ 진단 위한 트로포닌 검사 급여,2021.07.27.,http://www.mdtoday.co.kr/mdtoday/index.html?no=425945,청소년백신부작용
조선비즈,"모더나, 미 FDA에 코로나 백신 청소년 긴급사용 신청",2021.06.11.,https://biz.chosun.com/international/international_general/2021/06/11/ZU23K7FFRBGARPE3DPM6V6Z7YE/?utm_source=naver&utm_medium=original&utm_campaign=biz,청소년백신부작용
내외뉴스통신,"스마트학생복, '2학기 전면 등교 및 백신 접종'에 대한 설문조사 진행",2021.07.21.,http://www.nbnnews.co.kr/news/articleView.html?idxno=524487,청소년백신부작용
국민일보,"“가슴 아프면 병원으로” 19일부터 고3도 백신, 주의사항",4면 1단,http://news.kmib.co.kr/article/view.asp?arcid=0924201336&code=11131300&cp=nv,청소년백신부작용
에너지경제,"스마트학생복, ‘2학기 전면 등교 및 백신 접종’에 대한 설문조사 진행",2021.07.21.,https://www.ekn.kr/web/view.php?key=20210721001341137,청소년백신부작용
국민일보,"“가슴 아프면 병원으로” 19일부터 고3도 백신, 주의사항",4면 1단,http://news.kmib.co.kr/article/view.asp?arcid=0924201336&code=11131300&cp=nv,청소년백신부작용
뉴스1,"모더나, FDA에 코로나19 백신 청소년 사용 긴급승인 신청",2021.06.11.,https://www.news1.kr/articles/?4335947,청소년백신부작용
전국매일신문,기대·우려 교차속 '고3 백신접종' 시작,2021.07.19.,http://www.jeonmae.co.kr/news/articleView.html?idxno=848191,청소년백신부작용
중앙일보,"백신 조롱곡 부르던 美방송인, 코로나 걸리자 ""백신 맞아라""",2021.07.26.,https://news.joins.com/article/olink/23708239,청소년백신부작용
YTN,"브라질, 신규 확진 10만 명대로 급증...유럽의약품청, 모더나 청소년 접종 권...",2021.07.24.,https://www.ytn.co.kr/_ln/0104_202107241206045256,청소년백신부작용
스카이데일리,"교통사고엔 무기징역, 전염병 백신은 차질 “한심한 이율배반”",2021.07.26.,http://www.skyedaily.com/news/news_view.html?ID=136707,청소년백신부작용
중앙일보,"""안전하게 수능 봐야죠"" 오늘부터 고3 백신 접종 시작",2021.07.19.,https://news.joins.com/article/olink/23703258,청소년백신부작용
국민일보,‘수능까지 건강히’ 고3 코로나 백신 접종 시작![포착],2021.07.19.,http://news.kmib.co.kr/article/view.asp?arcid=0016070198&code=61121111&cp=nv,청소년백신부작용
데이터솜,"청소년 절반 ""2학기 전면 등교 긍정적""",2021.07.30.,http://www.datasom.co.kr/news/articleView.html?idxno=116633,청소년백신부작용
전국매일신문,기대·우려 교차속 '고3 백신접종' 시작,2021.07.19.,http://www.jeonmae.co.kr/news/articleView.html?idxno=848191,청소년백신부작용
중앙일보,"백신 조롱곡 부르던 美방송인, 코로나 걸리자 ""백신 맞아라""",2021.07.26.,https://news.joins.com/article/olink/23708239,청소년백신부작용
YTN,"브라질, 신규 확진 10만 명대로 급증...유럽의약품청, 모더나 청소년 접종 권...",2021.07.24.,https://www.ytn.co.kr/_ln/0104_202107241206045256,청소년백신부작용
스카이데일리,"교통사고엔 무기징역, 전염병 백신은 차질 “한심한 이율배반”",2021.07.26.,http://www.skyedaily.com/news/news_view.html?ID=136707,청소년백신부작용
중앙일보,"""안전하게 수능 봐야죠"" 오늘부터 고3 백신 접종 시작",2021.07.19.,https://news.joins.com/article/olink/23703258,청소년백신부작용
국민일보,‘수능까지 건강히’ 고3 코로나 백신 접종 시작![포착],2021.07.19.,http://news.kmib.co.kr/article/view.asp?arcid=0016070198&code=61121111&cp=nv,청소년백신부작용
데이터솜,"청소년 절반 ""2학기 전면 등교 긍정적""",2021.07.30.,http://www.datasom.co.kr/news/articleView.html?idxno=116633,청소년백신부작용
뉴스1,"앳된 얼굴 고3 학생 백신 맞자 ""마음 놓여""…미성년자 첫 예방접종",2021.07.19.,https://www.news1.kr/articles/?4376206,청소년백신부작용
SBS,'먹는 백신' 최초 임상 추진…코로나 '게임 체인저' 되나?,2021.07.24.,https://news.sbs.co.kr/news/endPage.do?news_id=N1006403699&plink=ORI&cooper=NAVER,청소년백신부작용
메디게이트뉴스,"""AZ백신 접종 후 해열진통제 먹어도 백신 효과 있다""",2021.07.19.,http://www.medigatenews.com/news/2627778611,청소년백신부작용
쿠키뉴스,"코로나19 백신, 여성건강에 영향?… “연구 드물어 추정 불가”",2021.07.20.,http://www.kukinews.com/newsView/kuk202107190239,청소년백신부작용
머니투데이,"고3 수능생 98% 원한 백신접종, 의료계선 재검토 국민청원도",2021.07.10.,http://news.mt.co.kr/mtview.php?no=2021071016300311081,청소년백신부작용
머니투데이,"""마스크 벗고 수능보고 싶어요"" 고3, 오늘부터 백신 접종",2면 1단,http://news.mt.co.kr/mtview.php?no=2021071915274481156,청소년백신부작용
더팩트,"""마음 놓고 수능 준비 할래요"" 충청권 고3 코로나19 백신 접종 첫날",2021.07.19.,http://news.tf.co.kr/read/national/1876038.htm,청소년백신부작용
한국일보,"임산부는 백신 맞을 수 있나...""미국 사례 등 검토해 접종 여부 결정""",2021.07.23.,https://hankookilbo.com/News/Read/A2021072310340003908?did=NA,청소년백신부작용
아주경제,3분기부터 접종 본격 시작... 모더나 백신은 어떤 백신?,2021.07.11.,http://www.ajunews.com/view/20210711212527859,청소년백신부작용
아주경제,모더나 백신도 '청소년 접종' 시작한다...12~17세 임상서 100% 예방 효과,2021.05.26.,http://www.ajunews.com/view/20210526083459628,청소년백신부작용
헬스조선,"모더나, 청소년 대상 코로나19 백신 임상 결과 6월 제출 예정",2021.05.28.,https://health.chosun.com/site/data/html_dir/2021/05/28/2021052801161.html,청소년백신부작용
경향신문,수험생·교직원 접종 시작···화이자 백신 맞은 고3 “인터넷 강의 정도는…...,A6면 1단,https://www.khan.co.kr/national/education/article/202107192111025,청소년백신부작용
문화일보,코로나19 백신 맞은 고교 3학년 소감 들어보니,2021.07.19.,http://www.munhwa.com/news/view.html?no=20210719MW142756739740,청소년백신부작용
