키워드,언론사,기사명,날짜,URL
위키트리,"전남 순천시, 독감 국가예방접종 지원사업 지역협의체 회의 개최",2021-09-07,https://www.wikitree.co.kr/articles/686109,허석 순천시장 백신
내외뉴스통신,"순천시, 시민과 함께하는 '사랑의 헌혈' 실시",2021-09-07,http://www.nbnnews.co.kr/news/articleView.html?idxno=610967,허석 순천시장 백신
뉴스메이커,"순천시, 로우카본과 1500억원 규모 투자협약",2021.08.30.,http://www.newsmaker.or.kr/news/articleView.html?idxno=121380,허석 순천시장 백신
아시아경제,"순천시, ㈜로우카본과 1500억원 규모 투자협약…200여명 고용창출",2021.08.27.,https://view.asiae.co.kr/article/2021082714343253223,허석 순천시장 백신
시사매거진,"순천시, ㈜로우카본과 1,500억원 규모 투자협약...200여명 고용창출",2021.08.28.,http://www.sisamagazine.co.kr/news/articleView.html?idxno=370513,허석 순천시장 백신
NSP통신,"순천시, 코로나19 위기 극복 생명나눔 사랑의 헌혈 실시",2021.08.12.,http://www.nspna.com/news/?mode=view&newsid=520336,허석 순천시장 백신
전국매일신문,"허석 순천시장, 고3 수험생 백신접종 현장 방문 응원",2021.07.22.,http://www.jeonmae.co.kr/news/articleView.html?idxno=848647,허석 순천시장 백신
쿠키뉴스,"허석 순천시장, 고3 수험생 코로나 백신접종 현장방문 응원",2021.07.21.,http://www.kukinews.com/newsView/kuk202107210170,허석 순천시장 백신
시사매거진,"허석 순천시장, '나눔백신, 순천형 권분(權分)운동'으로 거버넌스지방정치대상...",2021.06.03.,http://www.sisamagazine.co.kr/news/articleView.html?idxno=359647,허석 순천시장 백신
아주경제,순천에서 코로나19 예방백신 효과 입증,2021.05.18.,http://www.ajunews.com/view/20210518174754699,허석 순천시장 백신
뉴스메이커,"순천시, 코로나19 백신 접종 대상자 마스크 배부 外",2021.04.26.,http://www.newsmaker.or.kr/news/articleView.html?idxno=114770,허석 순천시장 백신
내외뉴스통신,"순천시, 코로나19 백신 접종 대상자에게 마스크 배부",2021.04.23.,http://www.nbnnews.co.kr/news/articleView.html?idxno=492952,허석 순천시장 백신
LG헬로비전,"순천·여수·목포, 75세 이상 화이자 백신 접종 시작",2021.04.01.,http://news.lghellovision.net/news/newsView.do?soCode=SCE0000000&idx=306569,허석 순천시장 백신
뉴스워커,"순천시 코로나19 백신접종, 요양시설 관계자부터 접종 시작",2021.02.26.,http://www.newsworker.co.kr/news/articleView.html?idxno=104066,허석 순천시장 백신
베타뉴스,"순천시, 코로나 예방접종센터 그림 전시회로 마음치유까지",2021.03.29.,http://www.betanews.net:8080/article/1259640.html,허석 순천시장 백신
브릿지경제,"순천시 독감 백신 추가 확보, 유료 접종 사전예약 접수",2020.11.04.,http://www.viva100.com/main/view.php?key=20201104010001104,허석 순천시장 백신
시사매거진,"허석 순천시장, 코로나19 대응에 헌신한 영웅들에게 '존경과 감사' 전해",2021.07.02.,http://www.sisamagazine.co.kr/news/articleView.html?idxno=363309,허석 순천시장 백신
위키트리,"허석 순천시장, 코로나19 대응에 헌신한 ‘영웅들과 정겨운 담소’ 가져",2021.07.04.,https://www.wikitree.co.kr/articles/665718,허석 순천시장 백신
전국매일신문,"[민선7기 3주년] 허석 순천시장 ""30만 자족도시, 느리더라도 29만 시민과 함께...",2021.06.30.,http://www.jeonmae.co.kr/news/articleView.html?idxno=845603,허석 순천시장 백신
아시아타임즈,"[6일 순천시 소식] 허석 시장, 호우 피해 현장 긴급점검 등",2021.07.06.,https://www.asiatime.co.kr/article/20210706500187,허석 순천시장 백신
뉴스워커,"허석 순천시장, ""30만 자족도시, 느리더라도 29만 순천시민과 함께!""",2021.06.29.,http://www.newsworker.co.kr/news/articleView.html?idxno=120247,허석 순천시장 백신
아시아타임즈,[29일 순천시 소식] '취임 3년' 허석 시장 시정운영방향 언론브리핑 등,2021.06.29.,https://www.asiatime.co.kr/article/20210629500200,허석 순천시장 백신
노컷뉴스,"허석 순천시장 ""지난 3년 성과? 해묵은 과제 '사이다' 해결""",2021.06.24.,https://www.nocutnews.co.kr/news/5577122,허석 순천시장 백신
아시아타임즈,[2일 순천시 소식] 허석 시장 코로나19 시민영웅과 대화 등,2021.07.02.,https://www.asiatime.co.kr/article/20210702500233,허석 순천시장 백신
아시아경제,"순천시, 코로나19 백신 18세?49세 12만명 접종 실시",2021.08.02.,https://view.asiae.co.kr/article/2021080214431827368,허석 순천시장 백신
프라임경제,[브리핑 순천] 코로나19 백신 자율접종 개시,2021.07.27.,http://www.newsprime.co.kr/news/article.html?no=549528,허석 순천시장 백신
CNB뉴스,"순천시, 코로나19 백신 자율접종 개시",2021.07.26.,http://www.cnbnews.com/news/article.html?no=503526,허석 순천시장 백신
내외뉴스통신,"허석 순천시장, 권분운동으로 거버넌스지방정치대상 수상",2021.06.02.,http://www.nbnnews.co.kr/news/articleView.html?idxno=507224,허석 순천시장 백신
베타뉴스,"허석 순천시장, 코로나19 대응 브리핑 ‘사회적 거리두기 2단계로 격상’",2021.05.13.,http://www.betanews.net:8080/article/1264657.html,허석 순천시장 백신
광주매일신문,순천시 ‘코로나19 영웅’들과 정겨운 담소,2021.07.05.,http://www.kjdaily.com/article.php?aid=1625486763550457008,허석 순천시장 백신
뉴스메이커,"순천시, 장애인식개선 권분운동 첫 발걸음 외",2021.07.18.,http://www.newsmaker.or.kr/news/articleView.html?idxno=119878,허석 순천시장 백신
프레시안,코로나19 극복 행동백신 된 '순천시 권분(勸分)운동',2021.06.01.,https://www.pressian.com/pages/articles/2021060111020333441?utm_source=naver&utm_medium=search,허석 순천시장 백신
뉴스1,"""순천시 권분운동은 코로나 극복 위한 대한민국 '행동백신'""",2021.05.31.,https://www.news1.kr/articles/?4323709,허석 순천시장 백신
뉴스1,순천시 65∼74세 백신 접종 시작…사전예약률 71.84%,2021.05.27.,https://www.news1.kr/articles/?4320238,허석 순천시장 백신
뉴스프리존,"순천시, 장마철 수인성·식품매개 감염병 주의 당부",2021.07.01.,http://www.newsfreezone.co.kr/news/articleView.html?idxno=323804,허석 순천시장 백신
시사매거진,"허석 순천시장, 경전선 전철화 사업 입장 발표",2021.02.25.,http://www.sisamagazine.co.kr/news/articleView.html?idxno=347206,허석 순천시장 백신
쿠키뉴스,"허석 순천시장, 현장 행정 통해 현안사업 속도",2021.02.25.,http://www.kukinews.com/newsView/kuk202102250195,허석 순천시장 백신
전국매일신문,"[전매TV] '확진세 소강' 순천시, 사회적 거리두기 1단계로",2021.05.24.,http://www.jeonmae.co.kr/news/articleView.html?idxno=840951,허석 순천시장 백신
뉴스워커,"순천시, 사회적 거리두기 1단계 완화",2021.05.23.,http://www.newsworker.co.kr/news/articleView.html?idxno=114985,허석 순천시장 백신
BBS NEWS,"허석 순천시장 ""포스트 코로나 시대, 실물 경제 회복에 주력""",2021.02.03.,https://news.bbsi.co.kr/news/articleView.html?idxno=3020787,허석 순천시장 백신
뉴스메이커,"순천시, 코로나19 백신 접종 모의훈련 外",2021.03.29.,http://www.newsmaker.or.kr/news/articleView.html?idxno=113234,허석 순천시장 백신
뉴스워커,"순천시, 코로나19 백신 안전접종... '관·학·군·경 통합경계지원태세 업무협...",2021.03.18.,http://www.newsworker.co.kr/news/articleView.html?idxno=106473,허석 순천시장 백신
뉴스워커,"순천시, 6월 13일까지 사적모임 6인까지 허용",2021.05.31.,http://www.newsworker.co.kr/news/articleView.html?idxno=115975,허석 순천시장 백신
CNB뉴스,"순천시, 6월 13일까지 사적모임 6인까지 허용",2021.05.30.,http://www.cnbnews.com/news/article.html?no=494027,허석 순천시장 백신
시사매거진,"순천시, 코로나19 백신 안전접종 관·학·군·경 통합경계지원태세 업무협약",2021.03.20.,http://www.sisamagazine.co.kr/news/articleView.html?idxno=350426,허석 순천시장 백신
뉴스웨이,"순천대학교 약학대학, 설립 10주년 기념 심포지엄 개최",2021.05.28.,http://www.newsway.co.kr/news/view?tp=1&ud=2021052800284421687,허석 순천시장 백신
뉴스워커,"순천시, 코로나19 화이자 백신 접종 앞서 '모의훈련' 실시",2021.03.26.,http://www.newsworker.co.kr/news/articleView.html?idxno=107579,허석 순천시장 백신
노컷뉴스,순천·여수·광양 등 전남 동부권 거리두기 완화,2021.05.23.,https://www.nocutnews.co.kr/news/5557226,허석 순천시장 백신
에너지경제,"순천시, 75세 이상 화이자 백신접종 시작",2021.04.02.,https://www.ekn.kr/web/view.php?key=20210402010000403,허석 순천시장 백신
뉴스워커,"순천대학교 약학대학, 설립 10주년 기념 심포지엄 개최",2021.05.25.,http://www.newsworker.co.kr/news/articleView.html?idxno=115327,허석 순천시장 백신
국민일보,"순천시, 75세 이상 화이자 백신 접종 앞두고 모의훈련",2021.03.28.,http://news.kmib.co.kr/article/view.asp?arcid=0015679354&code=61121111&cp=nv,허석 순천시장 백신
시사매거진,"순천시, 4월 1일부터 75세 이상 화이자 백신 접종",2021.03.25.,http://www.sisamagazine.co.kr/news/articleView.html?idxno=351031,허석 순천시장 백신
위키트리,"순천시, 4월 1일부터 75세 이상 화이자 백신 접종",2021.03.23.,https://www.wikitree.co.kr/articles/631003,허석 순천시장 백신
매일일보,"순천시, 4월 1일부터 75세 이상 화이자 백신 접종",2021.03.22.,http://www.m-i.kr/news/articleView.html?idxno=809660,허석 순천시장 백신
LG헬로비전,"순천시, 코로나19 백신 통합경계지원 업무협약",2021.03.19.,http://news.lghellovision.net/news/newsView.do?soCode=SCE0000000&idx=305251,허석 순천시장 백신
아시아타임즈,[18일 순천시 소식] 코로나19 백신 안전접종 관·학·군·경 업무협약 등,2021.03.18.,https://www.asiatime.co.kr/article/20210318500177,허석 순천시장 백신
노컷뉴스,"[신년대담①]허석 시장 ""순천시 2021년 최우선 과제? 실물경제 회복""",2021.01.05.,https://www.nocutnews.co.kr/news/5476260,허석 순천시장 백신
세계일보,철원 군부대서 집단감염 확산… 백신 1차 접종 간부도 확진 판정,A8면 1단,http://www.segye.com/content/html/2021/05/16/20210516509680.html?OutUrl=naver,허석 순천시장 백신
에너지경제,"순천시, 거리두기 1단계 사적모임 4명→6명 확대",2021.05.03.,https://www.ekn.kr/web/view.php?key=20210503010000279,허석 순천시장 백신
시사매거진,"순천시, 사적모임 6명까지 거리두기 1단계 시범운영",2021.05.02.,http://www.sisamagazine.co.kr/news/articleView.html?idxno=356095,허석 순천시장 백신
아시아타임즈,"[23일 순천시 소식] ""여순사건 특별법안 국회 행안위 통과 환영"" 등",2021.04.23.,https://www.asiatime.co.kr/article/20210423500138,허석 순천시장 백신
아시아타임즈,[26일 순천시 소식] 요양시설 관계자 코로나19 백신접종 등,2021.02.26.,https://www.asiatime.co.kr/article/20210226500117,허석 순천시장 백신
천지일보,"[인터뷰] 허석 순천시장 ""'생태경제도시' 순천의 변화 피부로 느끼게 할 것""",2020.11.30.,http://www.newscj.com/news/articleView.html?idxno=803551,허석 순천시장 백신
NSP통신,"순천시, 5일 부터 일주일간 사회적거리두기 2단계로격상",2021.04.05.,http://www.nspna.com/news/?mode=view&newsid=493501,허석 순천시장 백신
브릿지경제,"순천시, 여름에 이은 코로나 재확산 우려…허석 순천시장 강력 대응 나서",2020.11.10.,http://www.viva100.com/main/view.php?key=20201110010002594,허석 순천시장 백신
여수넷통뉴스,4차 유행 오나.. 순천서 9명 코로나19 무더기 감염,2021.04.05.,http://www.netongs.com/news/articleView.html?idxno=301187,허석 순천시장 백신
NSP통신,"허석 순천시장, 코로나19관련 긴급 브리핑 가져",2020.11.13.,http://www.nspna.com/news/?mode=view&newsid=465388,허석 순천시장 백신
아시아경제,"순천시, 공공일자리 희망근로 지원 사업 참여자 모집",2021.04.06.,https://view.asiae.co.kr/article/2021040613583306792,허석 순천시장 백신
브레이크뉴스,"김영록 전남지사, 순천 집단감염 대응현장 살펴",2021.04.07.,http://www.breaknews.com/797788,허석 순천시장 백신
뉴스워커,"김영록 지사, 순천 집단감염 대응현장 살펴",2021.04.06.,http://www.newsworker.co.kr/news/articleView.html?idxno=108836,허석 순천시장 백신
쿠키뉴스,순천 코로나19 집단감염 ‘심각’ 20명 확진,2021.04.06.,http://www.kukinews.com/newsView/kuk202104060072,허석 순천시장 백신
아시아타임즈,[26일 순천시 소식] 소형경전철 ‘스카이큐브’ 인수개통 등,2021.03.26.,https://www.asiatime.co.kr/article/20210326500104,허석 순천시장 백신
뉴스프리존,"순천시, 5일 '코로나19' 9명 확진...4차 대유행 확산 조짐",2021.04.05.,http://www.newsfreezone.co.kr/news/articleView.html?idxno=308671,허석 순천시장 백신
시사매거진,"㈜정해코퍼레이션, 순천시에 의료용 보호복 기부",2021.03.20.,http://www.sisamagazine.co.kr/news/articleView.html?idxno=350429,허석 순천시장 백신
시사매거진,"순천시, 33인의 원로 시정자문단 출범",2021.03.16.,http://www.sisamagazine.co.kr/news/articleView.html?idxno=349713,허석 순천시장 백신
위키트리,"전남 순천시, 순천만잡월드 올 10월 16일 정식개관!",2021.03.25.,https://www.wikitree.co.kr/articles/632001,허석 순천시장 백신
아시아엔,"순천시, 33인 원로 시정자문단 출범",2021.03.11.,http://kor.theasian.asia/archives/287725,허석 순천시장 백신
빅데이터뉴스,"정해코퍼레이션, 순천시에 의료용 보호복 기부",2021.03.19.,http://www.thebigdata.co.kr/view.php?ud=2021031915522028648287effd3_23,허석 순천시장 백신
Queen,"순천시, 현장 행정으로 현안사업 속도 높여",2021.02.26.,http://www.queen.co.kr/news/articleView.html?idxno=353566,허석 순천시장 백신
빅데이터뉴스,"순천시, 33인의 원로 시정자문단 출범",2021.03.12.,http://www.thebigdata.co.kr/view.php?ud=20210311220450964548287effd3_23,허석 순천시장 백신
뉴스1,전남 동부권 백신접종 순조롭게 진행…여수서 전남 1호 접종,2021.02.26.,https://www.news1.kr/articles/?4224533,허석 순천시장 백신
베타뉴스,"순천시, 코로나19 예방접종 26일부터 차질 없이 시작",2021.02.23.,http://www.betanews.net:8080/article/1255621.html,허석 순천시장 백신
위키트리,"순천시, 정부지침에 따라 사회적 거리두기 1.5단계 연장",2021.02.27.,https://www.wikitree.co.kr/articles/623635,허석 순천시장 백신
Queen,"순천시, 코로나19 예방접종 26일부터 차질 없이 시작!",2021.02.24.,http://www.queen.co.kr/news/articleView.html?idxno=353395,허석 순천시장 백신
위키트리,"순천시, 코로나19 예방접종 추진 지역협의체 회의 개최",2021.02.04.,https://www.wikitree.co.kr/articles/616603,허석 순천시장 백신
뉴스워커,"순천시, 코로나19 예방접종 추진 지역협의체 회의 개최",2021.02.03.,http://www.newsworker.co.kr/news/articleView.html?idxno=101522,허석 순천시장 백신
시사매거진,"순천시, 다중이용시설 영업제한 완화조치 시행",2021.02.06.,http://www.sisamagazine.co.kr/news/articleView.html?idxno=344944,허석 순천시장 백신
NSP통신,"순천시, 다중이용시설 영업제한 완화조치 시행",2021.02.08.,http://www.nspna.com/news/?mode=view&newsid=482664,허석 순천시장 백신
천지일보,[천지일보 이슈종합] 새 거리두기·코로나19 신규확진 412명·박영선 서울시장...,2021.02.16.,http://www.newscj.com/news/articleView.html?idxno=829209,허석 순천시장 백신
노컷뉴스,"코로나 19 선제대응 순천시 ""방역수칙 준수로 모범방역도시 꿈꾼다""",2020.12.10.,https://www.nocutnews.co.kr/news/5462755,허석 순천시장 백신
전남일보,"순천시, 마스크 권분운동 기부 마스크 28만장 시민에 배부",2020.12.23.,https://www.jnilbo.com/view/media/view?code=2020122310350579053,허석 순천시장 백신
브릿지경제,"순천시, 권분운동으로 기부 받은 마스크…28만 순천시민 품으로",2020.12.22.,http://www.viva100.com/main/view.php?key=20201222010005584,허석 순천시장 백신
아시아경제,"순천시, 독감백신 확보‥차질 없어 계획대로 접종한다.",2020.09.29.,https://view.asiae.co.kr/article/2020092913203849684,허석 순천시장 백신
위키트리,"순천시, 독감백신 수급 차질 없어 계획대로 접종한다",2020.10.02.,https://www.wikitree.co.kr/articles/577493,허석 순천시장 백신
프라임경제,"더불어민주당 순천·광양·곡성·구례(갑) 지역위원회, 순천시에 마스크 3만2...",2020.12.08.,http://www.newsprime.co.kr/news/article.html?no=526705,허석 순천시장 백신
NSP통신,더불어민주당 순천·광양·곡성·구례 (갑)지역위원회 순천시에 마스크 3만21...,2020.12.07.,http://www.nspna.com/news/?mode=view&newsid=470267,허석 순천시장 백신
뉴스메이커,"초록우산어린이재단, 순천시 위기 아동가정에 후원금 전달",2020.11.29.,http://www.newsmaker.or.kr/news/articleView.html?idxno=108245,허석 순천시장 백신
NSP통신,"순천시, 오늘부터 ‘강화된 사회적 거리두기 1.5단계’ 시행",2020.11.18.,http://www.nspna.com/news/?mode=view&newsid=466291,허석 순천시장 백신
YTN,[뉴스큐] 전국 첫 2단계 격상...지역 집단감염 비상 걸린 '순천시',2020.11.20.,https://www.ytn.co.kr/_ln/0103_202011201652389523,허석 순천시장 백신
글로벌이코노믹,"초록우산어린이재단, 순천시 위기 아동가정 위해 후원금 전달",2020.11.27.,http://www.g-enews.com/ko-kr/news/article/news_all/202011271413135106b00d3684a5_1/article.html,허석 순천시장 백신
브레이크뉴스,"허석 순천시장, 권분운동 거버넌스지방정치대상 수상",2021.06.02.,http://www.breaknews.com/810964,허석 순천시장 백신
프라임경제,[브리핑 순천] 허석 순천시장 '제3회 거버넌스지방정치대상' 우수상 수상,2021.06.03.,http://www.newsprime.co.kr/news/article.html?no=545796,허석 순천시장 백신
베타뉴스,"허석 순천시장, 코로나19 대응 브리핑 ‘사회적 거리두기 2단계로 격상’",2021.05.13.,http://www.betanews.net:8080/article/1264657.html,허석 순천시장 백신
전남일보,"순천시, 이번 달 코로나19 백신 4만4000명 접종",2021.07.06.,https://www.jnilbo.com/view/media/view?code=2021070613095257320,허석 순천시장 백신
광주매일신문,순천시 ‘코로나19 영웅’들과 정겨운 담소,2021.07.05.,http://www.kjdaily.com/article.php?aid=1625486763550457008,허석 순천시장 백신
뉴스메이커,"순천시, 장애인식개선 권분운동 첫 발걸음 외",2021.07.18.,http://www.newsmaker.or.kr/news/articleView.html?idxno=119878,허석 순천시장 백신
프레시안,코로나19 극복 행동백신 된 '순천시 권분(勸分)운동',2021.06.01.,https://www.pressian.com/pages/articles/2021060111020333441?utm_source=naver&utm_medium=search,허석 순천시장 백신
뉴스1,"""순천시 권분운동은 코로나 극복 위한 대한민국 '행동백신'""",2021.05.31.,https://www.news1.kr/articles/?4323709,허석 순천시장 백신
뉴스워커,"순천시, '코로나19 시민 영웅들과 정겨운 담소' 가져",2021.07.02.,http://www.newsworker.co.kr/news/articleView.html?idxno=120828,허석 순천시장 백신
뉴스1,순천시 65∼74세 백신 접종 시작…사전예약률 71.84%,2021.05.27.,https://www.news1.kr/articles/?4320238,허석 순천시장 백신
내외뉴스통신,"순천시, 7월에 코로나19 백신 4만4000명 접종 실시",2021.07.06.,http://www.nbnnews.co.kr/news/articleView.html?idxno=519216,허석 순천시장 백신
광주매일신문,순천시 ‘코로나19 영웅’들과 정겨운 담소,2021.07.05.,http://www.kjdaily.com/article.php?aid=1625486763550457008,허석 순천시장 백신
뉴스메이커,"순천시, 장애인식개선 권분운동 첫 발걸음 외",2021.07.18.,http://www.newsmaker.or.kr/news/articleView.html?idxno=119878,허석 순천시장 백신
프레시안,코로나19 극복 행동백신 된 '순천시 권분(勸分)운동',2021.06.01.,https://www.pressian.com/pages/articles/2021060111020333441?utm_source=naver&utm_medium=search,허석 순천시장 백신
뉴스1,"""순천시 권분운동은 코로나 극복 위한 대한민국 '행동백신'""",2021.05.31.,https://www.news1.kr/articles/?4323709,허석 순천시장 백신
뉴스워커,"순천시, '코로나19 시민 영웅들과 정겨운 담소' 가져",2021.07.02.,http://www.newsworker.co.kr/news/articleView.html?idxno=120828,허석 순천시장 백신
뉴스1,순천시 65∼74세 백신 접종 시작…사전예약률 71.84%,2021.05.27.,https://www.news1.kr/articles/?4320238,허석 순천시장 백신
NSP통신,"순천서 코로나19 백신접종 어르신, 일가족 6명 확진에도 감염 되지 않아",2021.05.18.,http://www.nspna.com/news/?mode=view&newsid=502737,허석 순천시장 백신
뉴스프리존,"순천시, 장마철 수인성·식품매개 감염병 주의 당부",2021.07.01.,http://www.newsfreezone.co.kr/news/articleView.html?idxno=323804,허석 순천시장 백신
시사매거진,"허석 순천시장, 경전선 전철화 사업 입장 발표",2021.02.25.,http://www.sisamagazine.co.kr/news/articleView.html?idxno=347206,허석 순천시장 백신
이뉴스투데이,"순천시, 코로나19 대응에 헌신한 '영웅들과 정겨운 담소' 가져",2021.07.02.,http://www.enewstoday.co.kr/news/articleView.html?idxno=1492994,허석 순천시장 백신
뉴스1,순천시 65∼74세 백신 접종 시작…사전예약률 71.84%,2021.05.27.,https://www.news1.kr/articles/?4320238,허석 순천시장 백신
NSP통신,"순천서 코로나19 백신접종 어르신, 일가족 6명 확진에도 감염 되지 않아",2021.05.18.,http://www.nspna.com/news/?mode=view&newsid=502737,허석 순천시장 백신
뉴스프리존,"순천시, 장마철 수인성·식품매개 감염병 주의 당부",2021.07.01.,http://www.newsfreezone.co.kr/news/articleView.html?idxno=323804,허석 순천시장 백신
시사매거진,"허석 순천시장, 경전선 전철화 사업 입장 발표",2021.02.25.,http://www.sisamagazine.co.kr/news/articleView.html?idxno=347206,허석 순천시장 백신
쿠키뉴스,"허석 순천시장, 현장 행정 통해 현안사업 속도",2021.02.25.,http://www.kukinews.com/newsView/kuk202102250195,허석 순천시장 백신
NSP통신,"순천시 권분(勸分)운동, 참좋은 지방자치 정책대회 우수사례 선정",2021.05.31.,http://www.nspna.com/news/?mode=view&newsid=505112,허석 순천시장 백신
전국매일신문,"[전매TV] '확진세 소강' 순천시, 사회적 거리두기 1단계로",2021.05.24.,http://www.jeonmae.co.kr/news/articleView.html?idxno=840951,허석 순천시장 백신
전국매일신문,"순천시 권분운동, 전국 롤모델 기대감",2021.06.01.,http://www.jeonmae.co.kr/news/articleView.html?idxno=842079,허석 순천시장 백신
뉴스워커,"순천시, 사회적 거리두기 1단계 완화",2021.05.23.,http://www.newsworker.co.kr/news/articleView.html?idxno=114985,허석 순천시장 백신
아시아경제,"순천시 권분(勸分)운동, 참좋은 지방자치 정책대회 우수사례 선정",2021.05.31.,https://view.asiae.co.kr/article/2021053115593672144,허석 순천시장 백신
전국매일신문,"[전매TV] '확진세 소강' 순천시, 사회적 거리두기 1단계로",2021.05.24.,http://www.jeonmae.co.kr/news/articleView.html?idxno=840951,허석 순천시장 백신
전국매일신문,"순천시 권분운동, 전국 롤모델 기대감",2021.06.01.,http://www.jeonmae.co.kr/news/articleView.html?idxno=842079,허석 순천시장 백신
뉴스워커,"순천시, 사회적 거리두기 1단계 완화",2021.05.23.,http://www.newsworker.co.kr/news/articleView.html?idxno=114985,허석 순천시장 백신
BBS NEWS,"허석 순천시장 ""포스트 코로나 시대, 실물 경제 회복에 주력""",2021.02.03.,https://news.bbsi.co.kr/news/articleView.html?idxno=3020787,허석 순천시장 백신
전남일보,순천시 기부문화 표본 '권분운동' 전국 우수사례로 선정,2021.06.02.,https://www.jnilbo.com/view/media/view?code=2021060214595391251,허석 순천시장 백신
뉴스메이커,"순천시, 코로나19 백신 접종 모의훈련 外",2021.03.29.,http://www.newsmaker.or.kr/news/articleView.html?idxno=113234,허석 순천시장 백신
뉴스워커,"순천시, 75세 이상... 화이자 백신접종 '시작'",2021.04.01.,http://www.newsworker.co.kr/news/articleView.html?idxno=108262,허석 순천시장 백신
아시아타임즈,[27일 순천시 소식] ‘순천 푸드마켓’ 본격 운영 등,2021.05.27.,https://www.asiatime.co.kr/article/20210527500266,허석 순천시장 백신
뉴스워커,"순천시, 코로나19 백신 안전접종... '관·학·군·경 통합경계지원태세 업무협...",2021.03.18.,http://www.newsworker.co.kr/news/articleView.html?idxno=106473,허석 순천시장 백신
NSP통신,"순천시, 사회적 거리두기 1단계 완화",2021.05.24.,http://www.nspna.com/news/?mode=view&newsid=503488,허석 순천시장 백신
이뉴스투데이,"순천시, '권분(勸分)운동' 참좋은 지방자치 정책대회 우수사례 선정",2021.05.31.,http://www.enewstoday.co.kr/news/articleView.html?idxno=1483384,허석 순천시장 백신
시사매거진,"순천시, 24일 0시부터 사회적 거리두기 1단계 완화",2021.05.23.,http://www.sisamagazine.co.kr/news/articleView.html?idxno=358312,허석 순천시장 백신
BBS NEWS,"허석 순천시장 ""포스트 코로나 시대, 실물 경제 회복에 주력""",2021.02.03.,https://news.bbsi.co.kr/news/articleView.html?idxno=3020787,허석 순천시장 백신
전남일보,순천시 기부문화 표본 '권분운동' 전국 우수사례로 선정,2021.06.02.,https://www.jnilbo.com/view/media/view?code=2021060214595391251,허석 순천시장 백신
시사매거진,"순천시 권분(勸分)운동, 참좋은 지방자치 정책대회 우수사례 선정",2021.06.01.,http://www.sisamagazine.co.kr/news/articleView.html?idxno=359323,허석 순천시장 백신
뉴스메이커,"순천시, 코로나19 백신 접종 모의훈련 外",2021.03.29.,http://www.newsmaker.or.kr/news/articleView.html?idxno=113234,허석 순천시장 백신
뉴스워커,"순천시, 75세 이상... 화이자 백신접종 '시작'",2021.04.01.,http://www.newsworker.co.kr/news/articleView.html?idxno=108262,허석 순천시장 백신
아시아타임즈,[27일 순천시 소식] ‘순천 푸드마켓’ 본격 운영 등,2021.05.27.,https://www.asiatime.co.kr/article/20210527500266,허석 순천시장 백신
뉴스워커,"순천시, 코로나19 백신 안전접종... '관·학·군·경 통합경계지원태세 업무협...",2021.03.18.,http://www.newsworker.co.kr/news/articleView.html?idxno=106473,허석 순천시장 백신
농업경제신문,"순천시, 사회적 거리두기 1단계 완화",2021.05.24.,http://www.thekpm.com/view.php?ud=20210524100228468242ef4e12e4_17,허석 순천시장 백신
시사매거진,"순천시 권분(勸分)운동, 참좋은 지방자치 정책대회 우수사례 선정",2021.06.01.,http://www.sisamagazine.co.kr/news/articleView.html?idxno=359323,허석 순천시장 백신
뉴시스,"순천시 기부문화 표본 '권분운동', 전국 우수사례로 선정",2021.05.31.,http://www.newsis.com/view/?id=NISX20210531_0001459508&cID=10899&pID=10800,허석 순천시장 백신
전남일보,"순천시, 사회적 거리두기 1단계로 완화",2021.05.23.,https://www.jnilbo.com/view/media/view?code=2021052315565153637,허석 순천시장 백신
뉴스메이커,"순천시, 코로나19 백신 접종 모의훈련 外",2021.03.29.,http://www.newsmaker.or.kr/news/articleView.html?idxno=113234,허석 순천시장 백신
뉴스워커,"순천시, 75세 이상... 화이자 백신접종 '시작'",2021.04.01.,http://www.newsworker.co.kr/news/articleView.html?idxno=108262,허석 순천시장 백신
아시아타임즈,[27일 순천시 소식] ‘순천 푸드마켓’ 본격 운영 등,2021.05.27.,https://www.asiatime.co.kr/article/20210527500266,허석 순천시장 백신
뉴스워커,"순천시, 코로나19 백신 안전접종... '관·학·군·경 통합경계지원태세 업무협...",2021.03.18.,http://www.newsworker.co.kr/news/articleView.html?idxno=106473,허석 순천시장 백신
뉴스워커,"순천시, 6월 13일까지 사적모임 6인까지 허용",2021.05.31.,http://www.newsworker.co.kr/news/articleView.html?idxno=115975,허석 순천시장 백신
CNB뉴스,"순천시, 6월 13일까지 사적모임 6인까지 허용",2021.05.30.,http://www.cnbnews.com/news/article.html?no=494027,허석 순천시장 백신
전남일보,"순천시, 사회적 거리두기 1단계로 완화",2021.05.23.,https://www.jnilbo.com/view/media/view?code=2021052315565153637,허석 순천시장 백신
전남매일,순천 권분운동 전남유일 우수시책 선정,2021.06.01.,http://www.jndn.com/article.php?aid=1622539297317735107,허석 순천시장 백신
데일리한국,"순천시, ‘권분운동’ 참좋은 지방자치 정책대회서 우수시책 선정",2021.05.31.,https://daily.hankooki.com/lpage/society/202105/dh20210531155747148510.htm?s_ref=nv,허석 순천시장 백신
뉴스메이커,"순천시, 코로나19 백신 접종 모의훈련 外",2021.03.29.,http://www.newsmaker.or.kr/news/articleView.html?idxno=113234,허석 순천시장 백신
뉴스워커,"순천시, 75세 이상... 화이자 백신접종 '시작'",2021.04.01.,http://www.newsworker.co.kr/news/articleView.html?idxno=108262,허석 순천시장 백신
아시아타임즈,[27일 순천시 소식] ‘순천 푸드마켓’ 본격 운영 등,2021.05.27.,https://www.asiatime.co.kr/article/20210527500266,허석 순천시장 백신
뉴스워커,"순천시, 코로나19 백신 안전접종... '관·학·군·경 통합경계지원태세 업무협...",2021.03.18.,http://www.newsworker.co.kr/news/articleView.html?idxno=106473,허석 순천시장 백신
뉴스워커,"순천시, 6월 13일까지 사적모임 6인까지 허용",2021.05.31.,http://www.newsworker.co.kr/news/articleView.html?idxno=115975,허석 순천시장 백신
CNB뉴스,"순천시, 6월 13일까지 사적모임 6인까지 허용",2021.05.30.,http://www.cnbnews.com/news/article.html?no=494027,허석 순천시장 백신
시사매거진,"순천시, 코로나19 백신 안전접종 관·학·군·경 통합경계지원태세 업무협약",2021.03.20.,http://www.sisamagazine.co.kr/news/articleView.html?idxno=350426,허석 순천시장 백신
뉴스워커,"순천시, 75세 이상... 화이자 백신접종 '시작'",2021.04.01.,http://www.newsworker.co.kr/news/articleView.html?idxno=108262,허석 순천시장 백신
아주경제,순천시 사회적거리두기 1단계로 완화...집단감염원 나이트클럽은 집합금지,2021.05.23.,http://www.ajunews.com/view/20210523162207958,허석 순천시장 백신
아시아타임즈,[27일 순천시 소식] ‘순천 푸드마켓’ 본격 운영 등,2021.05.27.,https://www.asiatime.co.kr/article/20210527500266,허석 순천시장 백신
신아일보,"순천시 권분운동, '참좋은 지방자치 정책대회' 우수사례 선정",2021.05.31.,http://www.shinailbo.co.kr/news/articleView.html?idxno=1417736,허석 순천시장 백신
뉴스워커,"순천시, 코로나19 백신 안전접종... '관·학·군·경 통합경계지원태세 업무협...",2021.03.18.,http://www.newsworker.co.kr/news/articleView.html?idxno=106473,허석 순천시장 백신
뉴스워커,"순천시, 6월 13일까지 사적모임 6인까지 허용",2021.05.31.,http://www.newsworker.co.kr/news/articleView.html?idxno=115975,허석 순천시장 백신
CNB뉴스,"순천시, 6월 13일까지 사적모임 6인까지 허용",2021.05.30.,http://www.cnbnews.com/news/article.html?no=494027,허석 순천시장 백신
시사매거진,"순천시, 코로나19 백신 안전접종 관·학·군·경 통합경계지원태세 업무협약",2021.03.20.,http://www.sisamagazine.co.kr/news/articleView.html?idxno=350426,허석 순천시장 백신
뉴스웨이,"순천대학교 약학대학, 설립 10주년 기념 심포지엄 개최",2021.05.28.,http://www.newsway.co.kr/news/view?tp=1&ud=2021052800284421687,허석 순천시장 백신
뉴스워커,"순천시, 코로나19 화이자 백신 접종 앞서 '모의훈련' 실시",2021.03.26.,http://www.newsworker.co.kr/news/articleView.html?idxno=107579,허석 순천시장 백신
이뉴스투데이,"순천시, 75세 이상 화이자 백신접종 시작",2021.04.01.,http://www.enewstoday.co.kr/news/articleView.html?idxno=1465600,허석 순천시장 백신
신아일보,"순천시 권분운동, '참좋은 지방자치 정책대회' 우수사례 선정",2021.05.31.,http://www.shinailbo.co.kr/news/articleView.html?idxno=1417736,허석 순천시장 백신
뉴스워커,"순천시, 코로나19 백신 안전접종... '관·학·군·경 통합경계지원태세 업무협...",2021.03.18.,http://www.newsworker.co.kr/news/articleView.html?idxno=106473,허석 순천시장 백신
뉴스워커,"순천시, 6월 13일까지 사적모임 6인까지 허용",2021.05.31.,http://www.newsworker.co.kr/news/articleView.html?idxno=115975,허석 순천시장 백신
CNB뉴스,"순천시, 6월 13일까지 사적모임 6인까지 허용",2021.05.30.,http://www.cnbnews.com/news/article.html?no=494027,허석 순천시장 백신
시사매거진,"순천시, 코로나19 백신 안전접종 관·학·군·경 통합경계지원태세 업무협약",2021.03.20.,http://www.sisamagazine.co.kr/news/articleView.html?idxno=350426,허석 순천시장 백신
뉴스웨이,"순천대학교 약학대학, 설립 10주년 기념 심포지엄 개최",2021.05.28.,http://www.newsway.co.kr/news/view?tp=1&ud=2021052800284421687,허석 순천시장 백신
뉴스워커,"순천시, 코로나19 화이자 백신 접종 앞서 '모의훈련' 실시",2021.03.26.,http://www.newsworker.co.kr/news/articleView.html?idxno=107579,허석 순천시장 백신
노컷뉴스,순천·여수·광양 등 전남 동부권 거리두기 완화,2021.05.23.,https://www.nocutnews.co.kr/news/5557226,허석 순천시장 백신
에너지경제,"순천시, 75세 이상 화이자 백신접종 시작",2021.04.02.,https://www.ekn.kr/web/view.php?key=20210402010000403,허석 순천시장 백신
뉴스메이커,"순천시, 6월 13일까지 사적모임 6인까지 허용",2021.05.31.,http://www.newsmaker.or.kr/news/articleView.html?idxno=117057,허석 순천시장 백신
위키트리,"전남 순천시, 6월 13일까지 사적모임 6인까지 허용",2021.05.30.,https://www.wikitree.co.kr/articles/653674,허석 순천시장 백신
오늘경제,"순천시, 코로나19 백신 안전접종 관·학·군·경 통합경계지원태세 업무협약",2021.03.18.,http://www.startuptoday.co.kr/news/articleView.html?idxno=72153,허석 순천시장 백신
뉴스웨이,"순천대학교 약학대학, 설립 10주년 기념 심포지엄 개최",2021.05.28.,http://www.newsway.co.kr/news/view?tp=1&ud=2021052800284421687,허석 순천시장 백신
뉴스워커,"순천시, 코로나19 화이자 백신 접종 앞서 '모의훈련' 실시",2021.03.26.,http://www.newsworker.co.kr/news/articleView.html?idxno=107579,허석 순천시장 백신
노컷뉴스,순천·여수·광양 등 전남 동부권 거리두기 완화,2021.05.23.,https://www.nocutnews.co.kr/news/5557226,허석 순천시장 백신
에너지경제,"순천시, 75세 이상 화이자 백신접종 시작",2021.04.02.,https://www.ekn.kr/web/view.php?key=20210402010000403,허석 순천시장 백신
스포츠서울,"순천시, 코로나19 화이자 백신 접종 시작",2021.04.01.,http://www.sportsseoul.com/news/read/1029021?ref=naver,허석 순천시장 백신
뉴스워커,"순천대학교 약학대학, 설립 10주년 기념 심포지엄 개최",2021.05.25.,http://www.newsworker.co.kr/news/articleView.html?idxno=115327,허석 순천시장 백신
국민일보,"순천시, 75세 이상 화이자 백신 접종 앞두고 모의훈련",2021.03.28.,http://news.kmib.co.kr/article/view.asp?arcid=0015679354&code=61121111&cp=nv,허석 순천시장 백신
에너지경제,"순천시, 75세 이상 화이자 백신접종 시작",2021.04.02.,https://www.ekn.kr/web/view.php?key=20210402010000403,허석 순천시장 백신
농업경제신문,"순천시, 사회적 거리두기 완화...사적모임 6인 허용",2021.05.31.,http://www.thekpm.com/view.php?ud=20210531105524874842ef4e12e4_17,허석 순천시장 백신
스포츠서울,"순천시, 코로나19 화이자 백신 접종 시작",2021.04.01.,http://www.sportsseoul.com/news/read/1029021?ref=naver,허석 순천시장 백신
뉴스워커,"순천대학교 약학대학, 설립 10주년 기념 심포지엄 개최",2021.05.25.,http://www.newsworker.co.kr/news/articleView.html?idxno=115327,허석 순천시장 백신
이뉴스투데이,"순천시, 코로나19 백신 안전접종 관학군경 업무협약",2021.03.18.,http://www.enewstoday.co.kr/news/articleView.html?idxno=1461415,허석 순천시장 백신
국민일보,"순천시, 75세 이상 화이자 백신 접종 앞두고 모의훈련",2021.03.28.,http://news.kmib.co.kr/article/view.asp?arcid=0015679354&code=61121111&cp=nv,허석 순천시장 백신
시사매거진,"순천시, 4월 1일부터 75세 이상 화이자 백신 접종",2021.03.25.,http://www.sisamagazine.co.kr/news/articleView.html?idxno=351031,허석 순천시장 백신
내외뉴스통신,"순천시, 코로나19 화이자 백신 접종 모의훈련 실시",2021.03.26.,http://www.nbnnews.co.kr/news/articleView.html?idxno=482308,허석 순천시장 백신
아시아경제,"백신 접종 70대, 일가족 6명 코로나19 확진에도 홀로 감염 피했다",2021.05.18.,https://view.asiae.co.kr/article/2021051817241623072,허석 순천시장 백신
위키트리,"순천시, 4월 1일부터 75세 이상 화이자 백신 접종",2021.03.23.,https://www.wikitree.co.kr/articles/631003,허석 순천시장 백신
뉴스워커,"순천대학교 약학대학, 설립 10주년 기념 심포지엄 개최",2021.05.25.,http://www.newsworker.co.kr/news/articleView.html?idxno=115327,허석 순천시장 백신
이뉴스투데이,"순천시, 코로나19 백신 안전접종 관학군경 업무협약",2021.03.18.,http://www.enewstoday.co.kr/news/articleView.html?idxno=1461415,허석 순천시장 백신
국민일보,"순천시, 75세 이상 화이자 백신 접종 앞두고 모의훈련",2021.03.28.,http://news.kmib.co.kr/article/view.asp?arcid=0015679354&code=61121111&cp=nv,허석 순천시장 백신
시사매거진,"순천시, 4월 1일부터 75세 이상 화이자 백신 접종",2021.03.25.,http://www.sisamagazine.co.kr/news/articleView.html?idxno=351031,허석 순천시장 백신
내외뉴스통신,"순천시, 코로나19 화이자 백신 접종 모의훈련 실시",2021.03.26.,http://www.nbnnews.co.kr/news/articleView.html?idxno=482308,허석 순천시장 백신
아시아경제,"백신 접종 70대, 일가족 6명 코로나19 확진에도 홀로 감염 피했다",2021.05.18.,https://view.asiae.co.kr/article/2021051817241623072,허석 순천시장 백신
위키트리,"순천시, 4월 1일부터 75세 이상 화이자 백신 접종",2021.03.23.,https://www.wikitree.co.kr/articles/631003,허석 순천시장 백신
내외뉴스통신,"순천시, 4월 1일부터 75세 이상 화이자 백신 접종",2021.03.22.,http://www.nbnnews.co.kr/news/articleView.html?idxno=480234,허석 순천시장 백신
LG헬로비전,"순천시, 코로나19 백신 통합경계지원 업무협약",2021.03.19.,http://news.lghellovision.net/news/newsView.do?soCode=SCE0000000&idx=305251,허석 순천시장 백신
아시아타임즈,[18일 순천시 소식] 코로나19 백신 안전접종 관·학·군·경 업무협약 등,2021.03.18.,https://www.asiatime.co.kr/article/20210318500177,허석 순천시장 백신
위키트리,"순천시, 코로나19 화이자 백신 접종 앞두고 모의훈련 실시",2021.03.26.,https://www.wikitree.co.kr/articles/632683,허석 순천시장 백신
한국농어촌방송,"순천시, 4월 1일부터 75세 이상 화이자 백신 접종",2021.03.22.,http://www.newskr.kr/news/articleView.html?idxno=60900,허석 순천시장 백신
노컷뉴스,"순천시, 코로나 백신 예방접종 관·학·군·경 업무협약",2021.03.18.,https://www.nocutnews.co.kr/news/5518712,허석 순천시장 백신
LG헬로비전,"순천시, 코로나19 백신 통합경계지원 업무협약",2021.03.19.,http://news.lghellovision.net/news/newsView.do?soCode=SCE0000000&idx=305251,허석 순천시장 백신
아시아타임즈,[18일 순천시 소식] 코로나19 백신 안전접종 관·학·군·경 업무협약 등,2021.03.18.,https://www.asiatime.co.kr/article/20210318500177,허석 순천시장 백신
노컷뉴스,"[신년대담①]허석 시장 ""순천시 2021년 최우선 과제? 실물경제 회복""",2021.01.05.,https://www.nocutnews.co.kr/news/5476260,허석 순천시장 백신
세계일보,철원 군부대서 집단감염 확산… 백신 1차 접종 간부도 확진 판정,A8면 1단,http://www.segye.com/content/html/2021/05/16/20210516509680.html?OutUrl=naver,허석 순천시장 백신
천지일보,"순천시, 코로나19 백신 접종 요양 시설 관계자부터 시작",2021.02.26.,http://www.newscj.com/news/articleView.html?idxno=833015,허석 순천시장 백신
에너지경제,"순천시, 거리두기 1단계 사적모임 4명→6명 확대",2021.05.03.,https://www.ekn.kr/web/view.php?key=20210503010000279,허석 순천시장 백신
시사매거진,"순천시, 사적모임 6명까지 거리두기 1단계 시범운영",2021.05.02.,http://www.sisamagazine.co.kr/news/articleView.html?idxno=356095,허석 순천시장 백신
뉴스1,"순천시, 4월 75세 이상 화이자 백신 접종 앞두고 모의 훈련",2021.03.26.,https://www.news1.kr/articles/?4254681,허석 순천시장 백신
노컷뉴스,"순천시, 코로나 백신 예방접종 관·학·군·경 업무협약",2021.03.18.,https://www.nocutnews.co.kr/news/5518712,허석 순천시장 백신
LG헬로비전,"순천시, 코로나19 백신 통합경계지원 업무협약",2021.03.19.,http://news.lghellovision.net/news/newsView.do?soCode=SCE0000000&idx=305251,허석 순천시장 백신
아시아타임즈,[18일 순천시 소식] 코로나19 백신 안전접종 관·학·군·경 업무협약 등,2021.03.18.,https://www.asiatime.co.kr/article/20210318500177,허석 순천시장 백신
노컷뉴스,"[신년대담①]허석 시장 ""순천시 2021년 최우선 과제? 실물경제 회복""",2021.01.05.,https://www.nocutnews.co.kr/news/5476260,허석 순천시장 백신
세계일보,철원 군부대서 집단감염 확산… 백신 1차 접종 간부도 확진 판정,A8면 1단,http://www.segye.com/content/html/2021/05/16/20210516509680.html?OutUrl=naver,허석 순천시장 백신
천지일보,"순천시, 코로나19 백신 접종 요양 시설 관계자부터 시작",2021.02.26.,http://www.newscj.com/news/articleView.html?idxno=833015,허석 순천시장 백신
에너지경제,"순천시, 거리두기 1단계 사적모임 4명→6명 확대",2021.05.03.,https://www.ekn.kr/web/view.php?key=20210503010000279,허석 순천시장 백신
시사매거진,"순천시, 사적모임 6명까지 거리두기 1단계 시범운영",2021.05.02.,http://www.sisamagazine.co.kr/news/articleView.html?idxno=356095,허석 순천시장 백신
아시아타임즈,"[23일 순천시 소식] ""여순사건 특별법안 국회 행안위 통과 환영"" 등",2021.04.23.,https://www.asiatime.co.kr/article/20210423500138,허석 순천시장 백신
내외뉴스통신,"순천시 코로나19 백신접종, 요양시설 관계자부터 접종 시작",2021.02.26.,http://www.nbnnews.co.kr/news/articleView.html?idxno=472464,허석 순천시장 백신
에너지경제,"순천시, 거리두기 1단계 사적모임 4명→6명 확대",2021.05.03.,https://www.ekn.kr/web/view.php?key=20210503010000279,허석 순천시장 백신
시사매거진,"순천시, 사적모임 6명까지 거리두기 1단계 시범운영",2021.05.02.,http://www.sisamagazine.co.kr/news/articleView.html?idxno=356095,허석 순천시장 백신
아시아타임즈,"[23일 순천시 소식] ""여순사건 특별법안 국회 행안위 통과 환영"" 등",2021.04.23.,https://www.asiatime.co.kr/article/20210423500138,허석 순천시장 백신
아시아타임즈,[26일 순천시 소식] 요양시설 관계자 코로나19 백신접종 등,2021.02.26.,https://www.asiatime.co.kr/article/20210226500117,허석 순천시장 백신
천지일보,"[인터뷰] 허석 순천시장 ""'생태경제도시' 순천의 변화 피부로 느끼게 할 것""",2020.11.30.,http://www.newscj.com/news/articleView.html?idxno=803551,허석 순천시장 백신
NSP통신,"순천시, 5일 부터 일주일간 사회적거리두기 2단계로격상",2021.04.05.,http://www.nspna.com/news/?mode=view&newsid=493501,허석 순천시장 백신
브릿지경제,"순천시, 여름에 이은 코로나 재확산 우려…허석 순천시장 강력 대응 나서",2020.11.10.,http://www.viva100.com/main/view.php?key=20201110010002594,허석 순천시장 백신
여수넷통뉴스,4차 유행 오나.. 순천서 9명 코로나19 무더기 감염,2021.04.05.,http://www.netongs.com/news/articleView.html?idxno=301187,허석 순천시장 백신
NSP통신,"허석 순천시장, 코로나19관련 긴급 브리핑 가져",2020.11.13.,http://www.nspna.com/news/?mode=view&newsid=465388,허석 순천시장 백신
농업경제신문,"순천시, 9일간 사회적 거리두기 1단계 시범 운영",2021.05.03.,http://www.thekpm.com/view.php?ud=20210503110216859942ef4e12e4_17,허석 순천시장 백신
전남일보,"순천시, 2~9일 사적모임 4명→6명 확대",2021.05.02.,https://www.jnilbo.com/view/media/view?code=2021050217352144982,허석 순천시장 백신
아시아타임즈,"[23일 순천시 소식] ""여순사건 특별법안 국회 행안위 통과 환영"" 등",2021.04.23.,https://www.asiatime.co.kr/article/20210423500138,허석 순천시장 백신
아시아타임즈,[26일 순천시 소식] 요양시설 관계자 코로나19 백신접종 등,2021.02.26.,https://www.asiatime.co.kr/article/20210226500117,허석 순천시장 백신
브레이크뉴스,"순천시 백신1호 접종자, 요양시설 40대 장기입소자",2021.02.26.,http://www.breaknews.com/788784,허석 순천시장 백신
천지일보,"[인터뷰] 허석 순천시장 ""'생태경제도시' 순천의 변화 피부로 느끼게 할 것""",2020.11.30.,http://www.newscj.com/news/articleView.html?idxno=803551,허석 순천시장 백신
NSP통신,"순천시, 5일 부터 일주일간 사회적거리두기 2단계로격상",2021.04.05.,http://www.nspna.com/news/?mode=view&newsid=493501,허석 순천시장 백신
브릿지경제,"순천시, 여름에 이은 코로나 재확산 우려…허석 순천시장 강력 대응 나서",2020.11.10.,http://www.viva100.com/main/view.php?key=20201110010002594,허석 순천시장 백신
여수넷통뉴스,4차 유행 오나.. 순천서 9명 코로나19 무더기 감염,2021.04.05.,http://www.netongs.com/news/articleView.html?idxno=301187,허석 순천시장 백신
NSP통신,"허석 순천시장, 코로나19관련 긴급 브리핑 가져",2020.11.13.,http://www.nspna.com/news/?mode=view&newsid=465388,허석 순천시장 백신
브릿지경제,"순천시, 여름에 이은 코로나 재확산 우려…허석 순천시장 강력 대응 나서",2020.11.10.,http://www.viva100.com/main/view.php?key=20201110010002594,허석 순천시장 백신
여수넷통뉴스,4차 유행 오나.. 순천서 9명 코로나19 무더기 감염,2021.04.05.,http://www.netongs.com/news/articleView.html?idxno=301187,허석 순천시장 백신
NSP통신,"허석 순천시장, 코로나19관련 긴급 브리핑 가져",2020.11.13.,http://www.nspna.com/news/?mode=view&newsid=465388,허석 순천시장 백신
아시아경제,"순천시, 공공일자리 희망근로 지원 사업 참여자 모집",2021.04.06.,https://view.asiae.co.kr/article/2021040613583306792,허석 순천시장 백신
스마트에프엔,"순천시, 코로나19 예방접종 관·학·군·경 업무협약",2021.03.18.,http://www.smartfn.co.kr/view.php?ud=20210318140416330302c37af707_46,허석 순천시장 백신
브레이크뉴스,"김영록 전남지사, 순천 집단감염 대응현장 살펴",2021.04.07.,http://www.breaknews.com/797788,허석 순천시장 백신
뉴스워커,"김영록 지사, 순천 집단감염 대응현장 살펴",2021.04.06.,http://www.newsworker.co.kr/news/articleView.html?idxno=108836,허석 순천시장 백신
쿠키뉴스,순천 코로나19 집단감염 ‘심각’ 20명 확진,2021.04.06.,http://www.kukinews.com/newsView/kuk202104060072,허석 순천시장 백신
아시아타임즈,[26일 순천시 소식] 소형경전철 ‘스카이큐브’ 인수개통 등,2021.03.26.,https://www.asiatime.co.kr/article/20210326500104,허석 순천시장 백신
서울신문,"전남지역, 75세 이상 화이자 백신 접종 시작",2021.04.01.,https://www.seoul.co.kr/news/newsView.php?id=20210401500110&wlog_tag3=naver,허석 순천시장 백신
브레이크뉴스,"김영록 전남지사, 순천 집단감염 대응현장 살펴",2021.04.07.,http://www.breaknews.com/797788,허석 순천시장 백신
뉴스워커,"김영록 지사, 순천 집단감염 대응현장 살펴",2021.04.06.,http://www.newsworker.co.kr/news/articleView.html?idxno=108836,허석 순천시장 백신
쿠키뉴스,순천 코로나19 집단감염 ‘심각’ 20명 확진,2021.04.06.,http://www.kukinews.com/newsView/kuk202104060072,허석 순천시장 백신
아시아타임즈,[26일 순천시 소식] 소형경전철 ‘스카이큐브’ 인수개통 등,2021.03.26.,https://www.asiatime.co.kr/article/20210326500104,허석 순천시장 백신
서울신문,"전남지역, 75세 이상 화이자 백신 접종 시작",2021.04.01.,https://www.seoul.co.kr/news/newsView.php?id=20210401500110&wlog_tag3=naver,허석 순천시장 백신
뉴스프리존,"순천시, 5일 '코로나19' 9명 확진...4차 대유행 확산 조짐",2021.04.05.,http://www.newsfreezone.co.kr/news/articleView.html?idxno=308671,허석 순천시장 백신
내외뉴스통신,"순천시, 코로나 예방접종센터 그림 전시회로 마음치유까지",2021.03.29.,http://www.nbnnews.co.kr/news/articleView.html?idxno=482867,허석 순천시장 백신
시사매거진,"㈜정해코퍼레이션, 순천시에 의료용 보호복 기부",2021.03.20.,http://www.sisamagazine.co.kr/news/articleView.html?idxno=350429,허석 순천시장 백신
시사매거진,"순천시, 33인의 원로 시정자문단 출범",2021.03.16.,http://www.sisamagazine.co.kr/news/articleView.html?idxno=349713,허석 순천시장 백신
위키트리,"전남 순천시, 순천만잡월드 올 10월 16일 정식개관!",2021.03.25.,https://www.wikitree.co.kr/articles/632001,허석 순천시장 백신
뉴스워커,"순천시, 코로나 예방접종센터... '그림 전시회'로 재탄생",2021.03.29.,http://www.newsworker.co.kr/news/articleView.html?idxno=107752,허석 순천시장 백신
시사매거진,"순천시, 33인의 원로 시정자문단 출범",2021.03.16.,http://www.sisamagazine.co.kr/news/articleView.html?idxno=349713,허석 순천시장 백신
위키트리,"전남 순천시, 순천만잡월드 올 10월 16일 정식개관!",2021.03.25.,https://www.wikitree.co.kr/articles/632001,허석 순천시장 백신
아시아엔,"순천시, 33인 원로 시정자문단 출범",2021.03.11.,http://kor.theasian.asia/archives/287725,허석 순천시장 백신
빅데이터뉴스,"정해코퍼레이션, 순천시에 의료용 보호복 기부",2021.03.19.,http://www.thebigdata.co.kr/view.php?ud=2021031915522028648287effd3_23,허석 순천시장 백신
Queen,"순천시, ㈜로우카본과 1,500억원 규모 투자협약",2021.08.30.,http://www.queen.co.kr/news/articleView.html?idxno=366038,허석 순천시장 백신
e대한경제,"순천시, 현장 행정으로 현안사업 속도 높인다",2021.02.25.,https://www.dnews.co.kr/uhtml/view.jsp?idxno=202102251501577630966,허석 순천시장 백신
Queen,"순천시, 현장 행정으로 현안사업 속도 높여",2021.02.26.,http://www.queen.co.kr/news/articleView.html?idxno=353566,허석 순천시장 백신
빅데이터뉴스,"순천시, 33인의 원로 시정자문단 출범",2021.03.12.,http://www.thebigdata.co.kr/view.php?ud=20210311220450964548287effd3_23,허석 순천시장 백신
뉴시스,"순천, 요양시설 40대 장기입소자 첫 접종… 40명 AZ 맞아",2021.02.26.,http://www.newsis.com/view/?id=NISX20210226_0001352842&cID=10809&pID=10800,허석 순천시장 백신
